path	url	bytes	md5	note
loops/fhs/mESC.GSE150906.Mus_Musculus.H3K27me3.b1.10000.fithichip_hp.longrange.bed.gz	https://loopcatalog.lji.org/storage2/release-0.1/hub/mm10/loops/hichip/hichip/fithichip-utility/stringent/mESC.GSE150906.Mus_Musculus.H3K27me3.b1.10000.fithichip_hp.longrange.bed.gz	1051207	e9f5a28458fc371b4587ebb3b09a5f9c	Loop Catalog (label)
loops/fhs/mESC.GSE150906.Mus_Musculus.H3K27ac.b1.5000.fithichip_hp.longrange.bed.gz	https://loopcatalog.lji.org/storage2/release-0.1/hub/mm10/loops/hichip/hichip/fithichip-utility/stringent/mESC.GSE150906.Mus_Musculus.H3K27ac.b1.5000.fithichip_hp.longrange.bed.gz	351245	114ca14fba5a5e5b480d21df40d320ef	Loop Catalog (exclusion)
loops/fhs/mESC.GSE150906.Mus_Musculus.H3K27ac.b1.10000.fithichip_hp.longrange.bed.gz	https://loopcatalog.lji.org/storage2/release-0.1/hub/mm10/loops/hichip/hichip/fithichip-utility/stringent/mESC.GSE150906.Mus_Musculus.H3K27ac.b1.10000.fithichip_hp.longrange.bed.gz	1119272	9bc670e7cec42e6da2975ad36a6ee959	Loop Catalog (label)
loops/fhs/mESC.GSE150906.Mus_Musculus.H3K27ac.b1.25000.fithichip_hp.longrange.bed.gz	https://loopcatalog.lji.org/storage2/release-0.1/hub/mm10/loops/hichip/hichip/fithichip-utility/stringent/mESC.GSE150906.Mus_Musculus.H3K27ac.b1.25000.fithichip_hp.longrange.bed.gz	3087383	274c0ec0fa5ac13bace2ebbc2eeb4e41	Loop Catalog (exclusion)
loops/fhl/mESC.GSE150906.Mus_Musculus.H3K27ac.b1.5000.fithichip_hp.longrange.bed.gz	https://loopcatalog.lji.org/storage2/release-0.1/hub/mm10/loops/hichip/hichip/fithichip-utility/loose/mESC.GSE150906.Mus_Musculus.H3K27ac.b1.5000.fithichip_hp.longrange.bed.gz	1048262	0353ba58935876603f3682d7d9fd925c	Loop Catalog (exclusion)
loops/hiccups/mESC.GSE150906.Mus_Musculus.H3K27ac.b1.10000.hiccups.longrange.bed.gz	https://loopcatalog.lji.org/storage2/release-0.1/hub/mm10/loops/hichip/hiccups/mESC.GSE150906.Mus_Musculus.H3K27ac.b1.10000.hiccups.longrange.bed.gz	61364	89f7766d7874bef4f1d90ef60645b0d8	Loop Catalog (exclusion)
loops/fhs/mESC.GSE150906.Mus_Musculus.H3K27me3.b1.5000.fithichip_hp.longrange.bed.gz	https://loopcatalog.lji.org/storage2/release-0.1/hub/mm10/loops/hichip/hichip/fithichip-utility/stringent/mESC.GSE150906.Mus_Musculus.H3K27me3.b1.5000.fithichip_hp.longrange.bed.gz	184106	80e0e962757d68aea6a5c88ab7f02337	Loop Catalog (exclusion)
loops/fhs/mESC.GSE150906.Mus_Musculus.H3K27me3.b1.25000.fithichip_hp.longrange.bed.gz	https://loopcatalog.lji.org/storage2/release-0.1/hub/mm10/loops/hichip/hichip/fithichip-utility/stringent/mESC.GSE150906.Mus_Musculus.H3K27me3.b1.25000.fithichip_hp.longrange.bed.gz	3597289	5e8e76e632b9fe649c8b785232534958	Loop Catalog (exclusion)
loops/fhl/mESC.GSE150906.Mus_Musculus.H3K27me3.b1.5000.fithichip_hp.longrange.bed.gz	https://loopcatalog.lji.org/storage2/release-0.1/hub/mm10/loops/hichip/hichip/fithichip-utility/loose/mESC.GSE150906.Mus_Musculus.H3K27me3.b1.5000.fithichip_hp.longrange.bed.gz	480083	4dd332e01321b49fb841a5cd62dec470	Loop Catalog (exclusion)
loops/hiccups/mESC.GSE150906.Mus_Musculus.H3K27me3.b1.10000.hiccups.longrange.bed.gz	https://loopcatalog.lji.org/storage2/release-0.1/hub/mm10/loops/hichip/hiccups/mESC.GSE150906.Mus_Musculus.H3K27me3.b1.10000.hiccups.longrange.bed.gz	54049	da8040fbf174c6d8812f70a6a99bec9c	Loop Catalog (exclusion)
loops/fhs/mES.GSE80820.Mus_Musculus.SMC1A.b1.5000.fithichip_hp.longrange.bed.gz	https://loopcatalog.lji.org/storage2/release-0.1/hub/mm10/loops/hichip/hichip/fithichip-utility/stringent/mES.GSE80820.Mus_Musculus.SMC1A.b1.5000.fithichip_hp.longrange.bed.gz	277833	1af3901f15da281ddc0fe1c5ae4550ab	Loop Catalog (exclusion)
loops/fhs/mES.GSE80820.Mus_Musculus.SMC1A.b1.10000.fithichip_hp.longrange.bed.gz	https://loopcatalog.lji.org/storage2/release-0.1/hub/mm10/loops/hichip/hichip/fithichip-utility/stringent/mES.GSE80820.Mus_Musculus.SMC1A.b1.10000.fithichip_hp.longrange.bed.gz	633883	7ddbeedfcdfed0dab0a44e3713094806	Loop Catalog (label of the independent-test dataset mESC SMC1A; exclusion for the mESC benchmark datasets)
loops/fhs/mES.GSE80820.Mus_Musculus.SMC1A.b1.25000.fithichip_hp.longrange.bed.gz	https://loopcatalog.lji.org/storage2/release-0.1/hub/mm10/loops/hichip/hichip/fithichip-utility/stringent/mES.GSE80820.Mus_Musculus.SMC1A.b1.25000.fithichip_hp.longrange.bed.gz	1234491	0b4f58dc237f174929843a9f1df9a966	Loop Catalog (exclusion)
loops/fhs/mES.GSE80820.Mus_Musculus.SMC1A.b2.5000.fithichip_hp.longrange.bed.gz	https://loopcatalog.lji.org/storage2/release-0.1/hub/mm10/loops/hichip/hichip/fithichip-utility/stringent/mES.GSE80820.Mus_Musculus.SMC1A.b2.5000.fithichip_hp.longrange.bed.gz	153958	9bf112d524ffd17a3ff1426ce5fd4146	Loop Catalog (exclusion)
loops/fhs/mES.GSE80820.Mus_Musculus.SMC1A.b2.10000.fithichip_hp.longrange.bed.gz	https://loopcatalog.lji.org/storage2/release-0.1/hub/mm10/loops/hichip/hichip/fithichip-utility/stringent/mES.GSE80820.Mus_Musculus.SMC1A.b2.10000.fithichip_hp.longrange.bed.gz	407774	507c7f34da4b4ebf1288de46c85a6350	Loop Catalog (exclusion)
loops/fhs/mES.GSE80820.Mus_Musculus.SMC1A.b2.25000.fithichip_hp.longrange.bed.gz	https://loopcatalog.lji.org/storage2/release-0.1/hub/mm10/loops/hichip/hichip/fithichip-utility/stringent/mES.GSE80820.Mus_Musculus.SMC1A.b2.25000.fithichip_hp.longrange.bed.gz	927080	92634ffed8a8daf43d27364c1d971982	Loop Catalog (exclusion)
loops/fhs/mESC_RYBP_WT.GSE147919.Mus_Musculus.CTCF.b1.5000.fithichip_hp.longrange.bed.gz	https://loopcatalog.lji.org/storage2/release-0.1/hub/mm10/loops/hichip/hichip/fithichip-utility/stringent/mESC_RYBP_WT.GSE147919.Mus_Musculus.CTCF.b1.5000.fithichip_hp.longrange.bed.gz	4251	8b7e7ca9b21bf6a9dd473b8a5923bc7b	Loop Catalog (exclusion)
loops/fhs/mESC_RYBP_WT.GSE147919.Mus_Musculus.CTCF.b1.10000.fithichip_hp.longrange.bed.gz	https://loopcatalog.lji.org/storage2/release-0.1/hub/mm10/loops/hichip/hichip/fithichip-utility/stringent/mESC_RYBP_WT.GSE147919.Mus_Musculus.CTCF.b1.10000.fithichip_hp.longrange.bed.gz	19518	3ad6075cfabc68994d80d2d599448626	Loop Catalog (exclusion)
loops/fhs/mESC_RYBP_WT.GSE147919.Mus_Musculus.CTCF.b1.25000.fithichip_hp.longrange.bed.gz	https://loopcatalog.lji.org/storage2/release-0.1/hub/mm10/loops/hichip/hichip/fithichip-utility/stringent/mESC_RYBP_WT.GSE147919.Mus_Musculus.CTCF.b1.25000.fithichip_hp.longrange.bed.gz	78901	58e8b89af2adb310b6957abdd8f34643	Loop Catalog (exclusion)
loops/fhs/mESC_RYBP_WT.GSE147919.Mus_Musculus.CTCF.b2.5000.fithichip_hp.longrange.bed.gz	https://loopcatalog.lji.org/storage2/release-0.1/hub/mm10/loops/hichip/hichip/fithichip-utility/stringent/mESC_RYBP_WT.GSE147919.Mus_Musculus.CTCF.b2.5000.fithichip_hp.longrange.bed.gz	2162	638048f45198431043ba5ead226d4979	Loop Catalog (exclusion)
loops/fhs/mESC_RYBP_WT.GSE147919.Mus_Musculus.CTCF.b2.10000.fithichip_hp.longrange.bed.gz	https://loopcatalog.lji.org/storage2/release-0.1/hub/mm10/loops/hichip/hichip/fithichip-utility/stringent/mESC_RYBP_WT.GSE147919.Mus_Musculus.CTCF.b2.10000.fithichip_hp.longrange.bed.gz	11192	c0f23c0b82c6de9f81a4be5539fd3398	Loop Catalog (exclusion)
loops/fhs/mESC_RYBP_WT.GSE147919.Mus_Musculus.CTCF.b2.25000.fithichip_hp.longrange.bed.gz	https://loopcatalog.lji.org/storage2/release-0.1/hub/mm10/loops/hichip/hichip/fithichip-utility/stringent/mESC_RYBP_WT.GSE147919.Mus_Musculus.CTCF.b2.25000.fithichip_hp.longrange.bed.gz	52617	49b596976942ab33ae1efd60a8025227	Loop Catalog (exclusion)
loops/fhs/GM12878.GSE101498.Homo_Sapiens.H3K27ac.biorep_merged.10000.fithichip_hp.longrange.bed.gz	https://loopcatalog.lji.org/storage2/release-0.1/hub/hg38/loops/hichip/hichip/fithichip-utility/stringent/GM12878.GSE101498.Homo_Sapiens.H3K27ac.biorep_merged.10000.fithichip_hp.longrange.bed.gz	3309694	d6af83cb9d2eae95d0653135d977931f	Loop Catalog (label)
loops/fhs/GM12878.GSE101498.Homo_Sapiens.H3K27ac.biorep_merged.5000.fithichip_hp.longrange.bed.gz	https://loopcatalog.lji.org/storage2/release-0.1/hub/hg38/loops/hichip/hichip/fithichip-utility/stringent/GM12878.GSE101498.Homo_Sapiens.H3K27ac.biorep_merged.5000.fithichip_hp.longrange.bed.gz	2797572	b4ea5399a9c1356608daa156826cd865	Loop Catalog (exclusion)
loops/fhs/GM12878.GSE101498.Homo_Sapiens.H3K27ac.biorep_merged.25000.fithichip_hp.longrange.bed.gz	https://loopcatalog.lji.org/storage2/release-0.1/hub/hg38/loops/hichip/hichip/fithichip-utility/stringent/GM12878.GSE101498.Homo_Sapiens.H3K27ac.biorep_merged.25000.fithichip_hp.longrange.bed.gz	2986100	40578f12702a973fbdb60f8558756a3a	Loop Catalog (exclusion)
loops/fhs/GM12878.GSE101498.Homo_Sapiens.H3K27ac.b1.5000.fithichip_hp.longrange.bed.gz	https://loopcatalog.lji.org/storage2/release-0.1/hub/hg38/loops/hichip/hichip/fithichip-utility/stringent/GM12878.GSE101498.Homo_Sapiens.H3K27ac.b1.5000.fithichip_hp.longrange.bed.gz	1160399	30afe14a8bb09c556fd2e1bf7e795a7e	Loop Catalog (exclusion)
loops/fhs/GM12878.GSE101498.Homo_Sapiens.H3K27ac.b1.10000.fithichip_hp.longrange.bed.gz	https://loopcatalog.lji.org/storage2/release-0.1/hub/hg38/loops/hichip/hichip/fithichip-utility/stringent/GM12878.GSE101498.Homo_Sapiens.H3K27ac.b1.10000.fithichip_hp.longrange.bed.gz	1518513	9ba1023222f667f852998c38bc5cc517	Loop Catalog (exclusion)
loops/fhs/GM12878.GSE101498.Homo_Sapiens.H3K27ac.b1.25000.fithichip_hp.longrange.bed.gz	https://loopcatalog.lji.org/storage2/release-0.1/hub/hg38/loops/hichip/hichip/fithichip-utility/stringent/GM12878.GSE101498.Homo_Sapiens.H3K27ac.b1.25000.fithichip_hp.longrange.bed.gz	1646859	7321c42fa5425f913504109ae651eb73	Loop Catalog (exclusion)
loops/fhs/GM12878.GSE101498.Homo_Sapiens.H3K27ac.b2.5000.fithichip_hp.longrange.bed.gz	https://loopcatalog.lji.org/storage2/release-0.1/hub/hg38/loops/hichip/hichip/fithichip-utility/stringent/GM12878.GSE101498.Homo_Sapiens.H3K27ac.b2.5000.fithichip_hp.longrange.bed.gz	1030186	b5bb479e46d958a048a23edac87f41da	Loop Catalog (exclusion)
loops/fhs/GM12878.GSE101498.Homo_Sapiens.H3K27ac.b2.10000.fithichip_hp.longrange.bed.gz	https://loopcatalog.lji.org/storage2/release-0.1/hub/hg38/loops/hichip/hichip/fithichip-utility/stringent/GM12878.GSE101498.Homo_Sapiens.H3K27ac.b2.10000.fithichip_hp.longrange.bed.gz	1358661	0f063c9330250ff57419a26f0b9c80e6	Loop Catalog (exclusion)
loops/fhs/GM12878.GSE101498.Homo_Sapiens.H3K27ac.b2.25000.fithichip_hp.longrange.bed.gz	https://loopcatalog.lji.org/storage2/release-0.1/hub/hg38/loops/hichip/hichip/fithichip-utility/stringent/GM12878.GSE101498.Homo_Sapiens.H3K27ac.b2.25000.fithichip_hp.longrange.bed.gz	1504625	deafa5384604042651f7374773804262	Loop Catalog (exclusion)
loops/fhl/GM12878.GSE101498.Homo_Sapiens.H3K27ac.b1.5000.fithichip_hp.longrange.bed.gz	https://loopcatalog.lji.org/storage2/release-0.1/hub/hg38/loops/hichip/hichip/fithichip-utility/loose/GM12878.GSE101498.Homo_Sapiens.H3K27ac.b1.5000.fithichip_hp.longrange.bed.gz	4689255	4e1178f63cd087720ad2e69f95b077c2	Loop Catalog (exclusion)
loops/fhl/GM12878.GSE101498.Homo_Sapiens.H3K27ac.b2.5000.fithichip_hp.longrange.bed.gz	https://loopcatalog.lji.org/storage2/release-0.1/hub/hg38/loops/hichip/hichip/fithichip-utility/loose/GM12878.GSE101498.Homo_Sapiens.H3K27ac.b2.5000.fithichip_hp.longrange.bed.gz	4407185	fd2cb7f8fdcddea608dcfef03975ae7d	Loop Catalog (exclusion)
loops/fhs/GM12878.GSE80820.Homo_Sapiens.SMC1A.biorep_merged.5000.fithichip_hp.longrange.bed.gz	https://loopcatalog.lji.org/storage2/release-0.1/hub/hg38/loops/hichip/hichip/fithichip-utility/stringent/GM12878.GSE80820.Homo_Sapiens.SMC1A.biorep_merged.5000.fithichip_hp.longrange.bed.gz	967651	f61ac31c70067b12ebc5c05971d57fba	Loop Catalog (exclusion)
loops/fhs/GM12878.GSE80820.Homo_Sapiens.SMC1A.biorep_merged.10000.fithichip_hp.longrange.bed.gz	https://loopcatalog.lji.org/storage2/release-0.1/hub/hg38/loops/hichip/hichip/fithichip-utility/stringent/GM12878.GSE80820.Homo_Sapiens.SMC1A.biorep_merged.10000.fithichip_hp.longrange.bed.gz	2570675	ca3f93da13ec8664dce95bbedec71d58	Loop Catalog (label)
loops/fhs/GM12878.GSE80820.Homo_Sapiens.SMC1A.biorep_merged.25000.fithichip_hp.longrange.bed.gz	https://loopcatalog.lji.org/storage2/release-0.1/hub/hg38/loops/hichip/hichip/fithichip-utility/stringent/GM12878.GSE80820.Homo_Sapiens.SMC1A.biorep_merged.25000.fithichip_hp.longrange.bed.gz	5268788	c9c03b6144b1ebba5274e673d6c6eaef	Loop Catalog (exclusion)
loops/fhs/GM12878.GSE80820.Homo_Sapiens.SMC1A.b1.5000.fithichip_hp.longrange.bed.gz	https://loopcatalog.lji.org/storage2/release-0.1/hub/hg38/loops/hichip/hichip/fithichip-utility/stringent/GM12878.GSE80820.Homo_Sapiens.SMC1A.b1.5000.fithichip_hp.longrange.bed.gz	201146	cd59888e2aa0b4266ad2057a889bd4aa	Loop Catalog (exclusion)
loops/fhs/GM12878.GSE80820.Homo_Sapiens.SMC1A.b1.10000.fithichip_hp.longrange.bed.gz	https://loopcatalog.lji.org/storage2/release-0.1/hub/hg38/loops/hichip/hichip/fithichip-utility/stringent/GM12878.GSE80820.Homo_Sapiens.SMC1A.b1.10000.fithichip_hp.longrange.bed.gz	579269	917a2c88bd11096746b2047988200e74	Loop Catalog (exclusion)
loops/fhs/GM12878.GSE80820.Homo_Sapiens.SMC1A.b1.25000.fithichip_hp.longrange.bed.gz	https://loopcatalog.lji.org/storage2/release-0.1/hub/hg38/loops/hichip/hichip/fithichip-utility/stringent/GM12878.GSE80820.Homo_Sapiens.SMC1A.b1.25000.fithichip_hp.longrange.bed.gz	1584440	6adbd45c63adbac9e9fdcdaa96e6b67f	Loop Catalog (exclusion)
loops/fhs/GM12878.GSE80820.Homo_Sapiens.SMC1A.b2.5000.fithichip_hp.longrange.bed.gz	https://loopcatalog.lji.org/storage2/release-0.1/hub/hg38/loops/hichip/hichip/fithichip-utility/stringent/GM12878.GSE80820.Homo_Sapiens.SMC1A.b2.5000.fithichip_hp.longrange.bed.gz	255035	e0759371776498b8dddfd7fb93fe5a13	Loop Catalog (exclusion)
loops/fhs/GM12878.GSE80820.Homo_Sapiens.SMC1A.b2.10000.fithichip_hp.longrange.bed.gz	https://loopcatalog.lji.org/storage2/release-0.1/hub/hg38/loops/hichip/hichip/fithichip-utility/stringent/GM12878.GSE80820.Homo_Sapiens.SMC1A.b2.10000.fithichip_hp.longrange.bed.gz	806677	5e71cc1dd8284acc98dc444a1c313469	Loop Catalog (exclusion)
loops/fhs/GM12878.GSE80820.Homo_Sapiens.SMC1A.b2.25000.fithichip_hp.longrange.bed.gz	https://loopcatalog.lji.org/storage2/release-0.1/hub/hg38/loops/hichip/hichip/fithichip-utility/stringent/GM12878.GSE80820.Homo_Sapiens.SMC1A.b2.25000.fithichip_hp.longrange.bed.gz	2399409	e80614ad22f63a386556f10632097f41	Loop Catalog (exclusion)
loops/fhs/GM12878.GSE115524.Homo_Sapiens.CTCF.biorep_merged.5000.fithichip_hp.longrange.bed.gz	https://loopcatalog.lji.org/storage2/release-0.1/hub/hg38/loops/hichip/hichip/fithichip-utility/stringent/GM12878.GSE115524.Homo_Sapiens.CTCF.biorep_merged.5000.fithichip_hp.longrange.bed.gz	1560578	5adb0ca75ceea08fcbd3824930506b44	Loop Catalog (exclusion)
loops/fhs/GM12878.GSE115524.Homo_Sapiens.CTCF.biorep_merged.10000.fithichip_hp.longrange.bed.gz	https://loopcatalog.lji.org/storage2/release-0.1/hub/hg38/loops/hichip/hichip/fithichip-utility/stringent/GM12878.GSE115524.Homo_Sapiens.CTCF.biorep_merged.10000.fithichip_hp.longrange.bed.gz	2387566	4b684dba6dada77781c63033c53b704a	Loop Catalog (label)
loops/fhs/GM12878.GSE115524.Homo_Sapiens.CTCF.biorep_merged.25000.fithichip_hp.longrange.bed.gz	https://loopcatalog.lji.org/storage2/release-0.1/hub/hg38/loops/hichip/hichip/fithichip-utility/stringent/GM12878.GSE115524.Homo_Sapiens.CTCF.biorep_merged.25000.fithichip_hp.longrange.bed.gz	3722730	f0a80bfe43574b4fbd54cfdd4b76d395	Loop Catalog (exclusion)
loops/fhs/GM12878.GSE115524.Homo_Sapiens.CTCF.b1.5000.fithichip_hp.longrange.bed.gz	https://loopcatalog.lji.org/storage2/release-0.1/hub/hg38/loops/hichip/hichip/fithichip-utility/stringent/GM12878.GSE115524.Homo_Sapiens.CTCF.b1.5000.fithichip_hp.longrange.bed.gz	629911	fb84227a703c8470b1c0388e3cf06942	Loop Catalog (exclusion)
loops/fhs/GM12878.GSE115524.Homo_Sapiens.CTCF.b1.10000.fithichip_hp.longrange.bed.gz	https://loopcatalog.lji.org/storage2/release-0.1/hub/hg38/loops/hichip/hichip/fithichip-utility/stringent/GM12878.GSE115524.Homo_Sapiens.CTCF.b1.10000.fithichip_hp.longrange.bed.gz	1031021	e791b00e59710d29de139118c0df52d6	Loop Catalog (exclusion)
loops/fhs/GM12878.GSE115524.Homo_Sapiens.CTCF.b1.25000.fithichip_hp.longrange.bed.gz	https://loopcatalog.lji.org/storage2/release-0.1/hub/hg38/loops/hichip/hichip/fithichip-utility/stringent/GM12878.GSE115524.Homo_Sapiens.CTCF.b1.25000.fithichip_hp.longrange.bed.gz	1700290	f16cda55ecd4f93886112f78c0c532a8	Loop Catalog (exclusion)
loops/fhs/GM12878.GSE115524.Homo_Sapiens.CTCF.b2.5000.fithichip_hp.longrange.bed.gz	https://loopcatalog.lji.org/storage2/release-0.1/hub/hg38/loops/hichip/hichip/fithichip-utility/stringent/GM12878.GSE115524.Homo_Sapiens.CTCF.b2.5000.fithichip_hp.longrange.bed.gz	550448	0907af8a4e5b2f7005cf7f1abbe76068	Loop Catalog (exclusion)
loops/fhs/GM12878.GSE115524.Homo_Sapiens.CTCF.b2.10000.fithichip_hp.longrange.bed.gz	https://loopcatalog.lji.org/storage2/release-0.1/hub/hg38/loops/hichip/hichip/fithichip-utility/stringent/GM12878.GSE115524.Homo_Sapiens.CTCF.b2.10000.fithichip_hp.longrange.bed.gz	925001	f0f788c4ea67acd7b4f107e35c8ffb40	Loop Catalog (exclusion)
loops/fhs/GM12878.GSE115524.Homo_Sapiens.CTCF.b2.25000.fithichip_hp.longrange.bed.gz	https://loopcatalog.lji.org/storage2/release-0.1/hub/hg38/loops/hichip/hichip/fithichip-utility/stringent/GM12878.GSE115524.Homo_Sapiens.CTCF.b2.25000.fithichip_hp.longrange.bed.gz	1634013	fdfb4fdff3a800740f04cfd9edafa69c	Loop Catalog (exclusion)
loops/fhs/K562.GSE101498.Homo_Sapiens.H3K27ac.biorep_merged.10000.fithichip_hp.longrange.bed.gz	https://loopcatalog.lji.org/storage2/release-0.1/hub/hg38/loops/hichip/hichip/fithichip-utility/stringent/K562.GSE101498.Homo_Sapiens.H3K27ac.biorep_merged.10000.fithichip_hp.longrange.bed.gz	3416214	8f9450616247fddb8dcdb073f67a1d35	Loop Catalog (label)
loops/fhs/K562.GSE101498.Homo_Sapiens.H3K27ac.biorep_merged.5000.fithichip_hp.longrange.bed.gz	https://loopcatalog.lji.org/storage2/release-0.1/hub/hg38/loops/hichip/hichip/fithichip-utility/stringent/K562.GSE101498.Homo_Sapiens.H3K27ac.biorep_merged.5000.fithichip_hp.longrange.bed.gz	2694809	45d67799e3da2980c510362bd2524612	Loop Catalog (exclusion)
loops/fhs/K562.GSE101498.Homo_Sapiens.H3K27ac.biorep_merged.25000.fithichip_hp.longrange.bed.gz	https://loopcatalog.lji.org/storage2/release-0.1/hub/hg38/loops/hichip/hichip/fithichip-utility/stringent/K562.GSE101498.Homo_Sapiens.H3K27ac.biorep_merged.25000.fithichip_hp.longrange.bed.gz	2962275	bafed0f734cb10f9613120296c340075	Loop Catalog (exclusion)
loops/fhs/K562.GSE101498.Homo_Sapiens.H3K27ac.b1.5000.fithichip_hp.longrange.bed.gz	https://loopcatalog.lji.org/storage2/release-0.1/hub/hg38/loops/hichip/hichip/fithichip-utility/stringent/K562.GSE101498.Homo_Sapiens.H3K27ac.b1.5000.fithichip_hp.longrange.bed.gz	544067	10050d974b95e1f1e6addb56dd32d15a	Loop Catalog (exclusion)
loops/fhs/K562.GSE101498.Homo_Sapiens.H3K27ac.b1.10000.fithichip_hp.longrange.bed.gz	https://loopcatalog.lji.org/storage2/release-0.1/hub/hg38/loops/hichip/hichip/fithichip-utility/stringent/K562.GSE101498.Homo_Sapiens.H3K27ac.b1.10000.fithichip_hp.longrange.bed.gz	871025	29a141a502105387e9317fb09bfdd87a	Loop Catalog (exclusion)
loops/fhs/K562.GSE101498.Homo_Sapiens.H3K27ac.b1.25000.fithichip_hp.longrange.bed.gz	https://loopcatalog.lji.org/storage2/release-0.1/hub/hg38/loops/hichip/hichip/fithichip-utility/stringent/K562.GSE101498.Homo_Sapiens.H3K27ac.b1.25000.fithichip_hp.longrange.bed.gz	1073279	5411ff9cd746adbebb0381021d90638a	Loop Catalog (exclusion)
loops/fhs/K562.GSE101498.Homo_Sapiens.H3K27ac.b2.5000.fithichip_hp.longrange.bed.gz	https://loopcatalog.lji.org/storage2/release-0.1/hub/hg38/loops/hichip/hichip/fithichip-utility/stringent/K562.GSE101498.Homo_Sapiens.H3K27ac.b2.5000.fithichip_hp.longrange.bed.gz	606828	1079ee96a3988d2a92b725e1d0dc5211	Loop Catalog (exclusion)
loops/fhs/K562.GSE101498.Homo_Sapiens.H3K27ac.b2.10000.fithichip_hp.longrange.bed.gz	https://loopcatalog.lji.org/storage2/release-0.1/hub/hg38/loops/hichip/hichip/fithichip-utility/stringent/K562.GSE101498.Homo_Sapiens.H3K27ac.b2.10000.fithichip_hp.longrange.bed.gz	935677	091d4c358cd30e663f3c92c2d17dc549	Loop Catalog (exclusion)
loops/fhs/K562.GSE101498.Homo_Sapiens.H3K27ac.b2.25000.fithichip_hp.longrange.bed.gz	https://loopcatalog.lji.org/storage2/release-0.1/hub/hg38/loops/hichip/hichip/fithichip-utility/stringent/K562.GSE101498.Homo_Sapiens.H3K27ac.b2.25000.fithichip_hp.longrange.bed.gz	1053950	9b37020448471535305b5c455a006898	Loop Catalog (exclusion)
loops/fhs/K562.GSE101498.Homo_Sapiens.H3K27ac.b3.5000.fithichip_hp.longrange.bed.gz	https://loopcatalog.lji.org/storage2/release-0.1/hub/hg38/loops/hichip/hichip/fithichip-utility/stringent/K562.GSE101498.Homo_Sapiens.H3K27ac.b3.5000.fithichip_hp.longrange.bed.gz	421325	052ba8b51979aad65a70404f6850626a	Loop Catalog (exclusion)
loops/fhs/K562.GSE101498.Homo_Sapiens.H3K27ac.b3.10000.fithichip_hp.longrange.bed.gz	https://loopcatalog.lji.org/storage2/release-0.1/hub/hg38/loops/hichip/hichip/fithichip-utility/stringent/K562.GSE101498.Homo_Sapiens.H3K27ac.b3.10000.fithichip_hp.longrange.bed.gz	706924	4a10d28812d3c57fe393f29aa8f08f24	Loop Catalog (exclusion)
loops/fhs/K562.GSE101498.Homo_Sapiens.H3K27ac.b3.25000.fithichip_hp.longrange.bed.gz	https://loopcatalog.lji.org/storage2/release-0.1/hub/hg38/loops/hichip/hichip/fithichip-utility/stringent/K562.GSE101498.Homo_Sapiens.H3K27ac.b3.25000.fithichip_hp.longrange.bed.gz	887339	69ea0a20e6425836e643cbd82374cdd0	Loop Catalog (exclusion)
loops/fhs/K562-dTAG-BRD4-DMSO.GSE214591.Homo_Sapiens.H3K27ac.biorep_merged.5000.fithichip_hp.longrange.bed.gz	https://loopcatalog.lji.org/storage2/release-0.1/hub/hg38/loops/hichip/hichip/fithichip-utility/stringent/K562-dTAG-BRD4-DMSO.GSE214591.Homo_Sapiens.H3K27ac.biorep_merged.5000.fithichip_hp.longrange.bed.gz	38930	40afe88a1202d33ee71fc6d6fd7ca556	Loop Catalog (exclusion of the K562 table of loops without silencers)
loops/fhs/K562-dTAG-BRD4-DMSO.GSE214591.Homo_Sapiens.H3K27ac.biorep_merged.10000.fithichip_hp.longrange.bed.gz	https://loopcatalog.lji.org/storage2/release-0.1/hub/hg38/loops/hichip/hichip/fithichip-utility/stringent/K562-dTAG-BRD4-DMSO.GSE214591.Homo_Sapiens.H3K27ac.biorep_merged.10000.fithichip_hp.longrange.bed.gz	137211	6b938da0cf342853448b1cf2823478c8	Loop Catalog (exclusion of the K562 table of loops without silencers)
loops/fhs/K562-dTAG-BRD4-DMSO.GSE214591.Homo_Sapiens.H3K27ac.biorep_merged.25000.fithichip_hp.longrange.bed.gz	https://loopcatalog.lji.org/storage2/release-0.1/hub/hg38/loops/hichip/hichip/fithichip-utility/stringent/K562-dTAG-BRD4-DMSO.GSE214591.Homo_Sapiens.H3K27ac.biorep_merged.25000.fithichip_hp.longrange.bed.gz	339937	b182eb49418117d6b5e7db1e9a73d73c	Loop Catalog (exclusion of the K562 table of loops without silencers)
loops/fhs/Hela-S3-Control.GSE108869.Homo_Sapiens.CTCF.b1.10000.fithichip_hp.longrange.bed.gz	https://loopcatalog.lji.org/storage2/release-0.1/hub/hg38/loops/hichip/hichip/fithichip-utility/stringent/Hela-S3-Control.GSE108869.Homo_Sapiens.CTCF.b1.10000.fithichip_hp.longrange.bed.gz	1527616	1b7d4b75cf91fb60887041a39b40adea	Loop Catalog (label)
loops/fhs/HeLa-S3-shBHLHE40.GSE137849.Homo_Sapiens.CTCF.b1.5000.fithichip_hp.longrange.bed.gz	https://loopcatalog.lji.org/storage2/release-0.1/hub/hg38/loops/hichip/hichip/fithichip-utility/stringent/HeLa-S3-shBHLHE40.GSE137849.Homo_Sapiens.CTCF.b1.5000.fithichip_hp.longrange.bed.gz	10702	d40d15d4be567467a36dcdbb89ff1633	Loop Catalog (exclusion)
loops/fhs/HeLa-S3-shBHLHE40.GSE137849.Homo_Sapiens.CTCF.b1.10000.fithichip_hp.longrange.bed.gz	https://loopcatalog.lji.org/storage2/release-0.1/hub/hg38/loops/hichip/hichip/fithichip-utility/stringent/HeLa-S3-shBHLHE40.GSE137849.Homo_Sapiens.CTCF.b1.10000.fithichip_hp.longrange.bed.gz	47261	f7c4aa1b0d5d03f2a495bdb99c22ad80	Loop Catalog (exclusion)
loops/fhs/HeLa-S3-shBHLHE40.GSE137849.Homo_Sapiens.CTCF.b1.25000.fithichip_hp.longrange.bed.gz	https://loopcatalog.lji.org/storage2/release-0.1/hub/hg38/loops/hichip/hichip/fithichip-utility/stringent/HeLa-S3-shBHLHE40.GSE137849.Homo_Sapiens.CTCF.b1.25000.fithichip_hp.longrange.bed.gz	206786	c28b25f3fe9d9891922b9c9fef4b7da0	Loop Catalog (exclusion)
loops/fhs/HeLa-S3-shBHLHE40.GSE137849.Homo_Sapiens.CTCF.b2.5000.fithichip_hp.longrange.bed.gz	https://loopcatalog.lji.org/storage2/release-0.1/hub/hg38/loops/hichip/hichip/fithichip-utility/stringent/HeLa-S3-shBHLHE40.GSE137849.Homo_Sapiens.CTCF.b2.5000.fithichip_hp.longrange.bed.gz	746	9925bd18ee6cce0d74fbcc0be627cc10	Loop Catalog (exclusion)
loops/fhs/HeLa-S3-shBHLHE40.GSE137849.Homo_Sapiens.CTCF.b2.10000.fithichip_hp.longrange.bed.gz	https://loopcatalog.lji.org/storage2/release-0.1/hub/hg38/loops/hichip/hichip/fithichip-utility/stringent/HeLa-S3-shBHLHE40.GSE137849.Homo_Sapiens.CTCF.b2.10000.fithichip_hp.longrange.bed.gz	10807	12d97f58cd82ee572c63b70e05611e09	Loop Catalog (exclusion)
loops/fhs/HeLa-S3-shBHLHE40.GSE137849.Homo_Sapiens.CTCF.b2.25000.fithichip_hp.longrange.bed.gz	https://loopcatalog.lji.org/storage2/release-0.1/hub/hg38/loops/hichip/hichip/fithichip-utility/stringent/HeLa-S3-shBHLHE40.GSE137849.Homo_Sapiens.CTCF.b2.25000.fithichip_hp.longrange.bed.gz	114619	9e8432bae9ca434e25cec71a6fea452c	Loop Catalog (exclusion)
loops/fhs/HeLa-S3-shBHLHE40.GSE137849.Homo_Sapiens.CTCF.biorep_merged.5000.fithichip_hp.longrange.bed.gz	https://loopcatalog.lji.org/storage2/release-0.1/hub/hg38/loops/hichip/hichip/fithichip-utility/stringent/HeLa-S3-shBHLHE40.GSE137849.Homo_Sapiens.CTCF.biorep_merged.5000.fithichip_hp.longrange.bed.gz	38210	c1c4828fc6214e5fe36e472b8d658e69	Loop Catalog (exclusion)
loops/fhs/HeLa-S3-shBHLHE40.GSE137849.Homo_Sapiens.CTCF.biorep_merged.10000.fithichip_hp.longrange.bed.gz	https://loopcatalog.lji.org/storage2/release-0.1/hub/hg38/loops/hichip/hichip/fithichip-utility/stringent/HeLa-S3-shBHLHE40.GSE137849.Homo_Sapiens.CTCF.biorep_merged.10000.fithichip_hp.longrange.bed.gz	186938	06341afc6f329afc7798fcbd8ef49e16	Loop Catalog (exclusion)
loops/fhs/HeLa-S3-shBHLHE40.GSE137849.Homo_Sapiens.CTCF.biorep_merged.25000.fithichip_hp.longrange.bed.gz	https://loopcatalog.lji.org/storage2/release-0.1/hub/hg38/loops/hichip/hichip/fithichip-utility/stringent/HeLa-S3-shBHLHE40.GSE137849.Homo_Sapiens.CTCF.biorep_merged.25000.fithichip_hp.longrange.bed.gz	846087	31a1142125628f231cdb29105005e170	Loop Catalog (exclusion)
loops/fhs/HeLa-S3-shcontrol.GSE137849.Homo_Sapiens.CTCF.b1.5000.fithichip_hp.longrange.bed.gz	https://loopcatalog.lji.org/storage2/release-0.1/hub/hg38/loops/hichip/hichip/fithichip-utility/stringent/HeLa-S3-shcontrol.GSE137849.Homo_Sapiens.CTCF.b1.5000.fithichip_hp.longrange.bed.gz	47054	ca6fa784c41ea2f5b5dd90c1b764581f	Loop Catalog (exclusion)
loops/fhs/HeLa-S3-shcontrol.GSE137849.Homo_Sapiens.CTCF.b1.10000.fithichip_hp.longrange.bed.gz	https://loopcatalog.lji.org/storage2/release-0.1/hub/hg38/loops/hichip/hichip/fithichip-utility/stringent/HeLa-S3-shcontrol.GSE137849.Homo_Sapiens.CTCF.b1.10000.fithichip_hp.longrange.bed.gz	115647	d765c88dc3b1a411d505bbef84474180	Loop Catalog (exclusion)
loops/fhs/HeLa-S3-shcontrol.GSE137849.Homo_Sapiens.CTCF.b1.25000.fithichip_hp.longrange.bed.gz	https://loopcatalog.lji.org/storage2/release-0.1/hub/hg38/loops/hichip/hichip/fithichip-utility/stringent/HeLa-S3-shcontrol.GSE137849.Homo_Sapiens.CTCF.b1.25000.fithichip_hp.longrange.bed.gz	339110	e5747d8629d49ca4fa35f0adbc07f84a	Loop Catalog (exclusion)
loops/fhs/HeLa-S3-shcontrol.GSE137849.Homo_Sapiens.CTCF.b2.5000.fithichip_hp.longrange.bed.gz	https://loopcatalog.lji.org/storage2/release-0.1/hub/hg38/loops/hichip/hichip/fithichip-utility/stringent/HeLa-S3-shcontrol.GSE137849.Homo_Sapiens.CTCF.b2.5000.fithichip_hp.longrange.bed.gz	1121	4e8bb8c1f25c400cab39308f6d794d9e	Loop Catalog (exclusion)
loops/fhs/HeLa-S3-shcontrol.GSE137849.Homo_Sapiens.CTCF.b2.10000.fithichip_hp.longrange.bed.gz	https://loopcatalog.lji.org/storage2/release-0.1/hub/hg38/loops/hichip/hichip/fithichip-utility/stringent/HeLa-S3-shcontrol.GSE137849.Homo_Sapiens.CTCF.b2.10000.fithichip_hp.longrange.bed.gz	17197	25417c4876c9664b99e47e1bb42afa21	Loop Catalog (exclusion)
loops/fhs/HeLa-S3-shcontrol.GSE137849.Homo_Sapiens.CTCF.b2.25000.fithichip_hp.longrange.bed.gz	https://loopcatalog.lji.org/storage2/release-0.1/hub/hg38/loops/hichip/hichip/fithichip-utility/stringent/HeLa-S3-shcontrol.GSE137849.Homo_Sapiens.CTCF.b2.25000.fithichip_hp.longrange.bed.gz	173010	eaa04b7e831faa788c2b86e4d680cbaf	Loop Catalog (exclusion)
loops/fhs/HeLa-S3-shcontrol.GSE137849.Homo_Sapiens.CTCF.biorep_merged.5000.fithichip_hp.longrange.bed.gz	https://loopcatalog.lji.org/storage2/release-0.1/hub/hg38/loops/hichip/hichip/fithichip-utility/stringent/HeLa-S3-shcontrol.GSE137849.Homo_Sapiens.CTCF.biorep_merged.5000.fithichip_hp.longrange.bed.gz	97244	8cdf3bb49b5997ee1e5657bf5a6a55c2	Loop Catalog (exclusion)
loops/fhs/HeLa-S3-shcontrol.GSE137849.Homo_Sapiens.CTCF.biorep_merged.10000.fithichip_hp.longrange.bed.gz	https://loopcatalog.lji.org/storage2/release-0.1/hub/hg38/loops/hichip/hichip/fithichip-utility/stringent/HeLa-S3-shcontrol.GSE137849.Homo_Sapiens.CTCF.biorep_merged.10000.fithichip_hp.longrange.bed.gz	327289	82ea5c90d69e0ae06b6ff099974680de	Loop Catalog (exclusion)
loops/fhs/HeLa-S3-shcontrol.GSE137849.Homo_Sapiens.CTCF.biorep_merged.25000.fithichip_hp.longrange.bed.gz	https://loopcatalog.lji.org/storage2/release-0.1/hub/hg38/loops/hichip/hichip/fithichip-utility/stringent/HeLa-S3-shcontrol.GSE137849.Homo_Sapiens.CTCF.biorep_merged.25000.fithichip_hp.longrange.bed.gz	1296777	658365a0d1ceae778c13c58b984b5052	Loop Catalog (exclusion)
loops/fhs/Hela-S3-Control.GSE108869.Homo_Sapiens.CTCF.b1.5000.fithichip_hp.longrange.bed.gz	https://loopcatalog.lji.org/storage2/release-0.1/hub/hg38/loops/hichip/hichip/fithichip-utility/stringent/Hela-S3-Control.GSE108869.Homo_Sapiens.CTCF.b1.5000.fithichip_hp.longrange.bed.gz	1228074	e064d6d119fd926e6e2a0248c40fb110	Loop Catalog (exclusion)
loops/fhs/Hela-S3-Control.GSE108869.Homo_Sapiens.CTCF.b1.25000.fithichip_hp.longrange.bed.gz	https://loopcatalog.lji.org/storage2/release-0.1/hub/hg38/loops/hichip/hichip/fithichip-utility/stringent/Hela-S3-Control.GSE108869.Homo_Sapiens.CTCF.b1.25000.fithichip_hp.longrange.bed.gz	1991113	aaebefe95beeb12788baacb0d0891142	Loop Catalog (exclusion)
loops/fhs/Hela-S3-Control.GSE108869.Homo_Sapiens.CTCF.b2.5000.fithichip_hp.longrange.bed.gz	https://loopcatalog.lji.org/storage2/release-0.1/hub/hg38/loops/hichip/hichip/fithichip-utility/stringent/Hela-S3-Control.GSE108869.Homo_Sapiens.CTCF.b2.5000.fithichip_hp.longrange.bed.gz	28431	2f3d2746143300dce722aadd518b24bd	Loop Catalog (exclusion)
loops/fhs/Hela-S3-Control.GSE108869.Homo_Sapiens.CTCF.b2.10000.fithichip_hp.longrange.bed.gz	https://loopcatalog.lji.org/storage2/release-0.1/hub/hg38/loops/hichip/hichip/fithichip-utility/stringent/Hela-S3-Control.GSE108869.Homo_Sapiens.CTCF.b2.10000.fithichip_hp.longrange.bed.gz	98656	13a06a7b2f7e7af6331d8dc119a513c8	Loop Catalog (exclusion)
loops/fhs/Hela-S3-Control.GSE108869.Homo_Sapiens.CTCF.b2.25000.fithichip_hp.longrange.bed.gz	https://loopcatalog.lji.org/storage2/release-0.1/hub/hg38/loops/hichip/hichip/fithichip-utility/stringent/Hela-S3-Control.GSE108869.Homo_Sapiens.CTCF.b2.25000.fithichip_hp.longrange.bed.gz	422319	a26f2cc64a071ca9c111c793b6a84d60	Loop Catalog (exclusion)
loops/fhs/mES.GSE80820.Mus_Musculus.SMC1A.biorep_merged.5000.fithichip_hp.longrange.bed.gz	https://loopcatalog.lji.org/storage2/release-0.1/hub/mm10/loops/hichip/hichip/fithichip-utility/stringent/mES.GSE80820.Mus_Musculus.SMC1A.biorep_merged.5000.fithichip_hp.longrange.bed.gz	0		UNAVAILABLE (not served by the Loop Catalog)
loops/fhs/mES.GSE80820.Mus_Musculus.SMC1A.biorep_merged.10000.fithichip_hp.longrange.bed.gz	https://loopcatalog.lji.org/storage2/release-0.1/hub/mm10/loops/hichip/hichip/fithichip-utility/stringent/mES.GSE80820.Mus_Musculus.SMC1A.biorep_merged.10000.fithichip_hp.longrange.bed.gz	0		UNAVAILABLE (not served by the Loop Catalog)
loops/fhs/mES.GSE80820.Mus_Musculus.SMC1A.biorep_merged.25000.fithichip_hp.longrange.bed.gz	https://loopcatalog.lji.org/storage2/release-0.1/hub/mm10/loops/hichip/hichip/fithichip-utility/stringent/mES.GSE80820.Mus_Musculus.SMC1A.biorep_merged.25000.fithichip_hp.longrange.bed.gz	0		UNAVAILABLE (not served by the Loop Catalog)
loops/fhs/mESC_RYBP_WT.GSE147919.Mus_Musculus.CTCF.biorep_merged.5000.fithichip_hp.longrange.bed.gz	https://loopcatalog.lji.org/storage2/release-0.1/hub/mm10/loops/hichip/hichip/fithichip-utility/stringent/mESC_RYBP_WT.GSE147919.Mus_Musculus.CTCF.biorep_merged.5000.fithichip_hp.longrange.bed.gz	0		UNAVAILABLE (not served by the Loop Catalog)
loops/fhs/mESC_RYBP_WT.GSE147919.Mus_Musculus.CTCF.biorep_merged.10000.fithichip_hp.longrange.bed.gz	https://loopcatalog.lji.org/storage2/release-0.1/hub/mm10/loops/hichip/hichip/fithichip-utility/stringent/mESC_RYBP_WT.GSE147919.Mus_Musculus.CTCF.biorep_merged.10000.fithichip_hp.longrange.bed.gz	0		UNAVAILABLE (not served by the Loop Catalog)
loops/fhs/mESC_RYBP_WT.GSE147919.Mus_Musculus.CTCF.biorep_merged.25000.fithichip_hp.longrange.bed.gz	https://loopcatalog.lji.org/storage2/release-0.1/hub/mm10/loops/hichip/hichip/fithichip-utility/stringent/mESC_RYBP_WT.GSE147919.Mus_Musculus.CTCF.biorep_merged.25000.fithichip_hp.longrange.bed.gz	0		UNAVAILABLE (not served by the Loop Catalog)
silencerdb/lifted/Homo_sapiens_GM12878.hg38.bed.gz	SilencerDB v1.0 (health.tsinghua.edu.cn/SilencerDB, via the Internet Archive), UCSC liftOver hg19->hg38	292143	b774bf0a890403b88176a687993486ce	lifted silencer elements (name = id|method)
silencerdb/lifted/Homo_sapiens_K562.hg38.bed.gz	SilencerDB v1.0 (health.tsinghua.edu.cn/SilencerDB, via the Internet Archive), UCSC liftOver hg19->hg38	589089	d966e55ad3ed457863de03451fffe432	lifted silencer elements (name = id|method)
silencerdb/lifted/Homo_sapiens_HeLa-S3.hg38.bed.gz	SilencerDB v1.0 (health.tsinghua.edu.cn/SilencerDB, via the Internet Archive), UCSC liftOver hg19->hg38	201721	91def24e34931f177e4d39e98b603348	lifted silencer elements (name = id|method)
silencerdb/lifted/Mus_musculus_Embryonic_stem_cell.mm10.bed.gz	SilencerDB v1.0 (health.tsinghua.edu.cn/SilencerDB, via the Internet Archive), UCSC liftOver mm9->mm10	2417666	107c63eceaf49e3bef427f839d3bc921	lifted silencer elements (name = id|method)
jaspar/MA0088.3.jaspar.gz	https://jaspar.elixir.no/api/v1/matrix/MA0088.3.jaspar	275	c298fb0a7ce3c62c83f9ee984d819b5a	JASPAR matrix
jaspar/MA0095.4.jaspar.gz	https://jaspar.elixir.no/api/v1/matrix/MA0095.4.jaspar	182	92d69bc4fa99b758ee0ab241510e05bd	JASPAR matrix
jaspar/MA0138.3.jaspar.gz	https://jaspar.elixir.no/api/v1/matrix/MA0138.3.jaspar	268	35b6abb2fa1ca12e3bfa452932c4b72e	JASPAR matrix
jaspar/MA0139.1.jaspar.gz	https://jaspar.elixir.no/api/v1/matrix/MA0139.1.jaspar	258	e8b191dbd73792f1d79d40938e136c72	JASPAR matrix
bigwig/GM12878/GM12878_H3K27ac.bigWig	https://www.encodeproject.org/files/ENCFF798KYP/@@download/ENCFF798KYP.bigWig		c19a3df77f7c95e0afba031993b5b8ef	ENCODE ENCFF798KYP signal p-value
bigwig/GM12878/GM12878_H3K27me3.bigWig	https://www.encodeproject.org/files/ENCFF677PYB/@@download/ENCFF677PYB.bigWig			ENCODE ENCFF677PYB signal p-value
bigwig/GM12878/GM12878_H3K36me3.bigWig	https://www.encodeproject.org/files/ENCFF345QSP/@@download/ENCFF345QSP.bigWig		4fb5d8a2039ad5cf5bec8936ab3f7725	ENCODE ENCFF345QSP signal p-value
bigwig/GM12878/GM12878_H3K4me1.bigWig	https://www.encodeproject.org/files/ENCFF190RZM/@@download/ENCFF190RZM.bigWig		132b49db339675a76b089e5435388d82	ENCODE ENCFF190RZM signal p-value
bigwig/GM12878/GM12878_H3K4me3.bigWig	https://www.encodeproject.org/files/ENCFF012DMX/@@download/ENCFF012DMX.bigWig		ef4c5d3f88acb0f2629616f53cfec4ea	ENCODE ENCFF012DMX signal p-value
bigwig/GM12878/GM12878_H3K9ac.bigWig	https://www.encodeproject.org/files/ENCFF688HLG/@@download/ENCFF688HLG.bigWig		22d8dc48e06d18d305569b0efcda9963	ENCODE ENCFF688HLG signal p-value
bigwig/GM12878/GM12878_H3K9me3.bigWig	https://www.encodeproject.org/files/ENCFF701GHA/@@download/ENCFF701GHA.bigWig		c79ac3fb7f41ad48bb8cced27bb4e196	ENCODE ENCFF701GHA signal p-value
bigwig/HeLa-S3/HeLa-S3_H3K27ac.bigWig	https://www.encodeproject.org/files/ENCFF023UNN/@@download/ENCFF023UNN.bigWig			ENCODE ENCFF023UNN signal p-value
bigwig/HeLa-S3/HeLa-S3_H3K27me3.bigWig	https://www.encodeproject.org/files/ENCFF175SKU/@@download/ENCFF175SKU.bigWig			ENCODE ENCFF175SKU signal p-value
bigwig/HeLa-S3/HeLa-S3_H3K36me3.bigWig	https://www.encodeproject.org/files/ENCFF066NMN/@@download/ENCFF066NMN.bigWig			ENCODE ENCFF066NMN signal p-value
bigwig/HeLa-S3/HeLa-S3_H3K4me1.bigWig	https://www.encodeproject.org/files/ENCFF884DQE/@@download/ENCFF884DQE.bigWig			ENCODE ENCFF884DQE signal p-value
bigwig/HeLa-S3/HeLa-S3_H3K4me3.bigWig	https://www.encodeproject.org/files/ENCFF121NXU/@@download/ENCFF121NXU.bigWig			ENCODE ENCFF121NXU signal p-value
bigwig/HeLa-S3/HeLa-S3_H3K9ac.bigWig	https://www.encodeproject.org/files/ENCFF073LMY/@@download/ENCFF073LMY.bigWig			ENCODE ENCFF073LMY signal p-value
bigwig/HeLa-S3/HeLa-S3_H3K9me3.bigWig	https://www.encodeproject.org/files/ENCFF395VTK/@@download/ENCFF395VTK.bigWig			ENCODE ENCFF395VTK signal p-value
bigwig/K562/K562_H3K27ac.bigWig	https://www.encodeproject.org/files/ENCFF465GBD/@@download/ENCFF465GBD.bigWig		9346587b9a23a2953b6ab49103e6c112	ENCODE ENCFF465GBD signal p-value
bigwig/K562/K562_H3K27me3.bigWig	https://www.encodeproject.org/files/ENCFF847BFA/@@download/ENCFF847BFA.bigWig			ENCODE ENCFF847BFA signal p-value
bigwig/K562/K562_H3K36me3.bigWig	https://www.encodeproject.org/files/ENCFF633OZC/@@download/ENCFF633OZC.bigWig		4a8dbdc31024795ed8a6f53fba306609	ENCODE ENCFF633OZC signal p-value
bigwig/K562/K562_H3K4me1.bigWig	https://www.encodeproject.org/files/ENCFF287LBI/@@download/ENCFF287LBI.bigWig		28df1a757a2e5517209c10d57f0ce03e	ENCODE ENCFF287LBI signal p-value
bigwig/K562/K562_H3K4me3.bigWig	https://www.encodeproject.org/files/ENCFF405ZDL/@@download/ENCFF405ZDL.bigWig		eeddd4f2f60f952e3056d0c1bd39c73f	ENCODE ENCFF405ZDL signal p-value
bigwig/K562/K562_H3K9ac.bigWig	https://www.encodeproject.org/files/ENCFF178QDA/@@download/ENCFF178QDA.bigWig		16bace7252adafc836204f6fce4016ba	ENCODE ENCFF178QDA signal p-value
bigwig/K562/K562_H3K9me3.bigWig	https://www.encodeproject.org/files/ENCFF632NQA/@@download/ENCFF632NQA.bigWig		c695b7694f6c8b02e8bf13c871c387cf	ENCODE ENCFF632NQA signal p-value
bigwig/mESC/mESC_H3K27ac.bigWig	https://www.encodeproject.org/files/ENCFF583WVZ/@@download/ENCFF583WVZ.bigWig		46a3f01349523cdff7624ed92f89d27a	ENCODE ENCFF583WVZ signal p-value
bigwig/mESC/mESC_H3K27me3.bigWig	https://www.encodeproject.org/files/ENCFF595SIA/@@download/ENCFF595SIA.bigWig			ENCODE ENCFF595SIA signal p-value
bigwig/mESC/mESC_H3K36me3.bigWig	https://www.encodeproject.org/files/ENCFF703RVT/@@download/ENCFF703RVT.bigWig		5d092c3803318fb1501b41a84041af2b	ENCODE ENCFF703RVT signal p-value
bigwig/mESC/mESC_H3K4me1.bigWig	https://www.encodeproject.org/files/ENCFF456IEO/@@download/ENCFF456IEO.bigWig		4cd83ec584b627950f6fed88e50f5ac6	ENCODE ENCFF456IEO signal p-value
bigwig/mESC/mESC_H3K4me3.bigWig	https://www.encodeproject.org/files/ENCFF699IRY/@@download/ENCFF699IRY.bigWig		187802a750c0507c9bd5ec41418a35ba	ENCODE ENCFF699IRY signal p-value
bigwig/mESC/mESC_H3K9ac.bigWig	https://www.encodeproject.org/files/ENCFF331XNQ/@@download/ENCFF331XNQ.bigWig		a8da6e2a63b97857fa246910a2280500	ENCODE ENCFF331XNQ signal p-value
bigwig/mESC/mESC_H3K9me3.bigWig	https://www.encodeproject.org/files/ENCFF293DGT/@@download/ENCFF293DGT.bigWig		753891b099df85b4671738cf30410f6b	ENCODE ENCFF293DGT signal p-value
fa/hg38.fa	https://hgdownload.soe.ucsc.edu/goldenPath/hg38/bigZips/hg38.fa.gz			UCSC genome (uncompressed after download; samtools faidx)
fa/mm10.fa	https://hgdownload.soe.ucsc.edu/goldenPath/mm10/bigZips/mm10.fa.gz			UCSC genome (uncompressed after download; samtools faidx)
loops/fhs/mES_25m.GSE101498.Mus_Musculus.H3K27ac.b1.5000.fithichip_hp.longrange.bed.gz	https://loopcatalog.lji.org/storage2/release-0.1/hub/mm10/loops/hichip/hichip/fithichip-utility/stringent/mES_25m.GSE101498.Mus_Musculus.H3K27ac.b1.5000.fithichip_hp.longrange.bed.gz	91752	383069a81fbae81d717add985bd9f0f4	Loop Catalog (exclusion)
loops/fhs/mES_25m.GSE101498.Mus_Musculus.H3K27ac.b1.10000.fithichip_hp.longrange.bed.gz	https://loopcatalog.lji.org/storage2/release-0.1/hub/mm10/loops/hichip/hichip/fithichip-utility/stringent/mES_25m.GSE101498.Mus_Musculus.H3K27ac.b1.10000.fithichip_hp.longrange.bed.gz	342308	f63ea4aa5640866e173c88e44f0000aa	Loop Catalog (exclusion)
loops/fhs/mES_25m.GSE101498.Mus_Musculus.H3K27ac.b1.25000.fithichip_hp.longrange.bed.gz	https://loopcatalog.lji.org/storage2/release-0.1/hub/mm10/loops/hichip/hichip/fithichip-utility/stringent/mES_25m.GSE101498.Mus_Musculus.H3K27ac.b1.25000.fithichip_hp.longrange.bed.gz	911422	3166152700b4e229a229073d2164e952	Loop Catalog (exclusion)
loops/fhs/mES_25m.GSE101498.Mus_Musculus.H3K27ac.b2.5000.fithichip_hp.longrange.bed.gz	https://loopcatalog.lji.org/storage2/release-0.1/hub/mm10/loops/hichip/hichip/fithichip-utility/stringent/mES_25m.GSE101498.Mus_Musculus.H3K27ac.b2.5000.fithichip_hp.longrange.bed.gz	90100	3843125f19e99d770a0a78079cc575ef	Loop Catalog (exclusion)
loops/fhs/mES_25m.GSE101498.Mus_Musculus.H3K27ac.b2.10000.fithichip_hp.longrange.bed.gz	https://loopcatalog.lji.org/storage2/release-0.1/hub/mm10/loops/hichip/hichip/fithichip-utility/stringent/mES_25m.GSE101498.Mus_Musculus.H3K27ac.b2.10000.fithichip_hp.longrange.bed.gz	374211	6ba0e29f7210cb7234693d8a3300f486	Loop Catalog (exclusion)
loops/fhs/mES_25m.GSE101498.Mus_Musculus.H3K27ac.b2.25000.fithichip_hp.longrange.bed.gz	https://loopcatalog.lji.org/storage2/release-0.1/hub/mm10/loops/hichip/hichip/fithichip-utility/stringent/mES_25m.GSE101498.Mus_Musculus.H3K27ac.b2.25000.fithichip_hp.longrange.bed.gz	1034429	c86eaecb890dd3a632f23b26275bfb7a	Loop Catalog (exclusion)
loops/fhs/E14_mESC_WT.GSE160656.Mus_Musculus.H3K27me3.b1.5000.fithichip_hp.longrange.bed.gz	https://loopcatalog.lji.org/storage2/release-0.1/hub/mm10/loops/hichip/hichip/fithichip-utility/stringent/E14_mESC_WT.GSE160656.Mus_Musculus.H3K27me3.b1.5000.fithichip_hp.longrange.bed.gz	1114	f194a2b28566688cc8eb659cdceec4fd	Loop Catalog (exclusion)
loops/fhs/E14_mESC_WT.GSE160656.Mus_Musculus.H3K27me3.b1.10000.fithichip_hp.longrange.bed.gz	https://loopcatalog.lji.org/storage2/release-0.1/hub/mm10/loops/hichip/hichip/fithichip-utility/stringent/E14_mESC_WT.GSE160656.Mus_Musculus.H3K27me3.b1.10000.fithichip_hp.longrange.bed.gz	6616	fb0cc322f85bd323fe9c7cd9d2787ac2	Loop Catalog (exclusion)
loops/fhs/E14_mESC_WT.GSE160656.Mus_Musculus.H3K27me3.b1.25000.fithichip_hp.longrange.bed.gz	https://loopcatalog.lji.org/storage2/release-0.1/hub/mm10/loops/hichip/hichip/fithichip-utility/stringent/E14_mESC_WT.GSE160656.Mus_Musculus.H3K27me3.b1.25000.fithichip_hp.longrange.bed.gz	58826	7e44bb4f8595f2b25f80c2e209fb270b	Loop Catalog (exclusion)
loops/fhs/E14_mESC_WT.GSE160656.Mus_Musculus.H3K27me3.b2.5000.fithichip_hp.longrange.bed.gz	https://loopcatalog.lji.org/storage2/release-0.1/hub/mm10/loops/hichip/hichip/fithichip-utility/stringent/E14_mESC_WT.GSE160656.Mus_Musculus.H3K27me3.b2.5000.fithichip_hp.longrange.bed.gz	1089	e949cce55133057036c3f8b717c73893	Loop Catalog (exclusion)
loops/fhs/E14_mESC_WT.GSE160656.Mus_Musculus.H3K27me3.b2.10000.fithichip_hp.longrange.bed.gz	https://loopcatalog.lji.org/storage2/release-0.1/hub/mm10/loops/hichip/hichip/fithichip-utility/stringent/E14_mESC_WT.GSE160656.Mus_Musculus.H3K27me3.b2.10000.fithichip_hp.longrange.bed.gz	6163	c5808fcdd1ecc62cfe3322503869cff7	Loop Catalog (exclusion)
loops/fhs/E14_mESC_WT.GSE160656.Mus_Musculus.H3K27me3.b2.25000.fithichip_hp.longrange.bed.gz	https://loopcatalog.lji.org/storage2/release-0.1/hub/mm10/loops/hichip/hichip/fithichip-utility/stringent/E14_mESC_WT.GSE160656.Mus_Musculus.H3K27me3.b2.25000.fithichip_hp.longrange.bed.gz	49577	fa0181056dfb0fd230df07149b1c2f74	Loop Catalog (exclusion)
loops/fhs/mESC_WT.GSE147919.Mus_Musculus.RYBP.b1.5000.fithichip_hp.longrange.bed.gz	https://loopcatalog.lji.org/storage2/release-0.1/hub/mm10/loops/hichip/hichip/fithichip-utility/stringent/mESC_WT.GSE147919.Mus_Musculus.RYBP.b1.5000.fithichip_hp.longrange.bed.gz	4863	f09186ac00583b90d6f1da7d9f0e797e	Loop Catalog (exclusion)
loops/fhs/mESC_WT.GSE147919.Mus_Musculus.RYBP.b1.10000.fithichip_hp.longrange.bed.gz	https://loopcatalog.lji.org/storage2/release-0.1/hub/mm10/loops/hichip/hichip/fithichip-utility/stringent/mESC_WT.GSE147919.Mus_Musculus.RYBP.b1.10000.fithichip_hp.longrange.bed.gz	38984	b889150bf869b1a2054aae883b831119	Loop Catalog (exclusion)
loops/fhs/mESC_WT.GSE147919.Mus_Musculus.RYBP.b1.25000.fithichip_hp.longrange.bed.gz	https://loopcatalog.lji.org/storage2/release-0.1/hub/mm10/loops/hichip/hichip/fithichip-utility/stringent/mESC_WT.GSE147919.Mus_Musculus.RYBP.b1.25000.fithichip_hp.longrange.bed.gz	269924	232133040f3e332fc2a73121d533bbd5	Loop Catalog (exclusion)
loops/fhs/mESC_WT.GSE147919.Mus_Musculus.RYBP.b2.5000.fithichip_hp.longrange.bed.gz	https://loopcatalog.lji.org/storage2/release-0.1/hub/mm10/loops/hichip/hichip/fithichip-utility/stringent/mESC_WT.GSE147919.Mus_Musculus.RYBP.b2.5000.fithichip_hp.longrange.bed.gz	1478	eda80cfe3959fa1a29e70086eaad2598	Loop Catalog (exclusion)
loops/fhs/mESC_WT.GSE147919.Mus_Musculus.RYBP.b2.10000.fithichip_hp.longrange.bed.gz	https://loopcatalog.lji.org/storage2/release-0.1/hub/mm10/loops/hichip/hichip/fithichip-utility/stringent/mESC_WT.GSE147919.Mus_Musculus.RYBP.b2.10000.fithichip_hp.longrange.bed.gz	10192	f15645d9a113ab13ae2f68d20e5efd19	Loop Catalog (exclusion)
loops/fhs/mESC_WT.GSE147919.Mus_Musculus.RYBP.b2.25000.fithichip_hp.longrange.bed.gz	https://loopcatalog.lji.org/storage2/release-0.1/hub/mm10/loops/hichip/hichip/fithichip-utility/stringent/mESC_WT.GSE147919.Mus_Musculus.RYBP.b2.25000.fithichip_hp.longrange.bed.gz	65231	687c07b70f9d052cf0cb2feb9a5f2cbe	Loop Catalog (exclusion)
loops/fhs/H9.GSE105028.Homo_Sapiens.CTCF.b1.5000.fithichip_hp.longrange.bed.gz	https://loopcatalog.lji.org/storage2/release-0.1/hub/hg38/loops/hichip/hichip/fithichip-utility/stringent/H9.GSE105028.Homo_Sapiens.CTCF.b1.5000.fithichip_hp.longrange.bed.gz	264009	684d2e1a768eab4521ba1241d01b19c8	Loop Catalog (exclusion)
loops/fhs/H9.GSE105028.Homo_Sapiens.CTCF.b1.10000.fithichip_hp.longrange.bed.gz	https://loopcatalog.lji.org/storage2/release-0.1/hub/hg38/loops/hichip/hichip/fithichip-utility/stringent/H9.GSE105028.Homo_Sapiens.CTCF.b1.10000.fithichip_hp.longrange.bed.gz	332807	b4a32975b7692f415f828ef27f1de0e5	Loop Catalog (exclusion)
loops/fhs/H9.GSE105028.Homo_Sapiens.CTCF.b1.25000.fithichip_hp.longrange.bed.gz	https://loopcatalog.lji.org/storage2/release-0.1/hub/hg38/loops/hichip/hichip/fithichip-utility/stringent/H9.GSE105028.Homo_Sapiens.CTCF.b1.25000.fithichip_hp.longrange.bed.gz	436863	470a00c45386f544bc8546fb55c526ad	Loop Catalog (exclusion)
loops/fhs/H9.GSE105028.Homo_Sapiens.H3K4me1.b1.5000.fithichip_hp.longrange.bed.gz	https://loopcatalog.lji.org/storage2/release-0.1/hub/hg38/loops/hichip/hichip/fithichip-utility/stringent/H9.GSE105028.Homo_Sapiens.H3K4me1.b1.5000.fithichip_hp.longrange.bed.gz	1697	c37104ba05e70f4cc4dd7a769b62c766	Loop Catalog (exclusion)
loops/fhs/H9.GSE105028.Homo_Sapiens.H3K4me1.b1.10000.fithichip_hp.longrange.bed.gz	https://loopcatalog.lji.org/storage2/release-0.1/hub/hg38/loops/hichip/hichip/fithichip-utility/stringent/H9.GSE105028.Homo_Sapiens.H3K4me1.b1.10000.fithichip_hp.longrange.bed.gz	10425	b60b012ba5754f75b7aa598abf7ee068	Loop Catalog (exclusion)
loops/fhs/H9.GSE105028.Homo_Sapiens.H3K4me1.b1.25000.fithichip_hp.longrange.bed.gz	https://loopcatalog.lji.org/storage2/release-0.1/hub/hg38/loops/hichip/hichip/fithichip-utility/stringent/H9.GSE105028.Homo_Sapiens.H3K4me1.b1.25000.fithichip_hp.longrange.bed.gz	73046	acec4ff0200711b8ed401115df9cbb32	Loop Catalog (exclusion)
loops/fhs/H9.GSE105028.Homo_Sapiens.KLF4.b1.5000.fithichip_hp.longrange.bed.gz	https://loopcatalog.lji.org/storage2/release-0.1/hub/hg38/loops/hichip/hichip/fithichip-utility/stringent/H9.GSE105028.Homo_Sapiens.KLF4.b1.5000.fithichip_hp.longrange.bed.gz	42365	6459e9715af71b2174455d7568bf4a55	Loop Catalog (exclusion)
loops/fhs/H9.GSE105028.Homo_Sapiens.KLF4.b1.10000.fithichip_hp.longrange.bed.gz	https://loopcatalog.lji.org/storage2/release-0.1/hub/hg38/loops/hichip/hichip/fithichip-utility/stringent/H9.GSE105028.Homo_Sapiens.KLF4.b1.10000.fithichip_hp.longrange.bed.gz	247	cd8fa813455ad806ddbca1f99d1aa20e	Loop Catalog (exclusion)
loops/fhs/H9.GSE105028.Homo_Sapiens.KLF4.b1.25000.fithichip_hp.longrange.bed.gz	https://loopcatalog.lji.org/storage2/release-0.1/hub/hg38/loops/hichip/hichip/fithichip-utility/stringent/H9.GSE105028.Homo_Sapiens.KLF4.b1.25000.fithichip_hp.longrange.bed.gz	2694	e691c6a15d973b8ca72e10e46147e75a	Loop Catalog (exclusion)
loops/fhs/H9.GSE105028.Homo_Sapiens.NANOG.b1.5000.fithichip_hp.longrange.bed.gz	https://loopcatalog.lji.org/storage2/release-0.1/hub/hg38/loops/hichip/hichip/fithichip-utility/stringent/H9.GSE105028.Homo_Sapiens.NANOG.b1.5000.fithichip_hp.longrange.bed.gz	28	709872fc2910431b1e8b7074bfe38c67	Loop Catalog (exclusion)
loops/fhs/H9.GSE105028.Homo_Sapiens.NANOG.b1.10000.fithichip_hp.longrange.bed.gz	https://loopcatalog.lji.org/storage2/release-0.1/hub/hg38/loops/hichip/hichip/fithichip-utility/stringent/H9.GSE105028.Homo_Sapiens.NANOG.b1.10000.fithichip_hp.longrange.bed.gz	1252	8329fc07b9ba5a51a4ed9e93d7495f0d	Loop Catalog (exclusion)
loops/fhs/H9.GSE105028.Homo_Sapiens.NANOG.b1.25000.fithichip_hp.longrange.bed.gz	https://loopcatalog.lji.org/storage2/release-0.1/hub/hg38/loops/hichip/hichip/fithichip-utility/stringent/H9.GSE105028.Homo_Sapiens.NANOG.b1.25000.fithichip_hp.longrange.bed.gz	28390	f3a5cae25412f6d6d2988922f991fb9a	Loop Catalog (exclusion)
loops/fhs/H9.GSE105028.Homo_Sapiens.OCT4.b1.5000.fithichip_hp.longrange.bed.gz	https://loopcatalog.lji.org/storage2/release-0.1/hub/hg38/loops/hichip/hichip/fithichip-utility/stringent/H9.GSE105028.Homo_Sapiens.OCT4.b1.5000.fithichip_hp.longrange.bed.gz	5591	463c0a1ec412f03bf5f848cadefdb92c	Loop Catalog (exclusion)
loops/fhs/H9.GSE105028.Homo_Sapiens.OCT4.b1.10000.fithichip_hp.longrange.bed.gz	https://loopcatalog.lji.org/storage2/release-0.1/hub/hg38/loops/hichip/hichip/fithichip-utility/stringent/H9.GSE105028.Homo_Sapiens.OCT4.b1.10000.fithichip_hp.longrange.bed.gz	12399	71fc7d0fab5f38fa16fae162aa6fedbe	Loop Catalog (exclusion)
loops/fhs/H9.GSE105028.Homo_Sapiens.OCT4.b1.25000.fithichip_hp.longrange.bed.gz	https://loopcatalog.lji.org/storage2/release-0.1/hub/hg38/loops/hichip/hichip/fithichip-utility/stringent/H9.GSE105028.Homo_Sapiens.OCT4.b1.25000.fithichip_hp.longrange.bed.gz	46098	16be07764499f47961b4db4f8fc5c1f6	Loop Catalog (exclusion)
loops/fhs/H9.GSE105028.Homo_Sapiens.Rad21.b1.5000.fithichip_hp.longrange.bed.gz	https://loopcatalog.lji.org/storage2/release-0.1/hub/hg38/loops/hichip/hichip/fithichip-utility/stringent/H9.GSE105028.Homo_Sapiens.Rad21.b1.5000.fithichip_hp.longrange.bed.gz	4077979	680e7af6de2fce1892f963611c6b3054	Loop Catalog (exclusion)
loops/fhs/H9.GSE105028.Homo_Sapiens.Rad21.b1.10000.fithichip_hp.longrange.bed.gz	https://loopcatalog.lji.org/storage2/release-0.1/hub/hg38/loops/hichip/hichip/fithichip-utility/stringent/H9.GSE105028.Homo_Sapiens.Rad21.b1.10000.fithichip_hp.longrange.bed.gz	4701716	b1fa6c734ee6059066af6293a8382eb4	Loop Catalog (label)
loops/fhs/H9.GSE105028.Homo_Sapiens.Rad21.b1.25000.fithichip_hp.longrange.bed.gz	https://loopcatalog.lji.org/storage2/release-0.1/hub/hg38/loops/hichip/hichip/fithichip-utility/stringent/H9.GSE105028.Homo_Sapiens.Rad21.b1.25000.fithichip_hp.longrange.bed.gz	4824209	5bb055f1e7c25627eba924487fdfb981	Loop Catalog (exclusion)
loops/fhs/H9.GSE210525.Homo_Sapiens.H3K27ac.b1.5000.fithichip_hp.longrange.bed.gz	https://loopcatalog.lji.org/storage2/release-0.1/hub/hg38/loops/hichip/hichip/fithichip-utility/stringent/H9.GSE210525.Homo_Sapiens.H3K27ac.b1.5000.fithichip_hp.longrange.bed.gz	337	55ea8eb2012f054bffa50d002f449e7a	Loop Catalog (exclusion)
loops/fhs/H9.GSE210525.Homo_Sapiens.H3K27ac.b1.10000.fithichip_hp.longrange.bed.gz	https://loopcatalog.lji.org/storage2/release-0.1/hub/hg38/loops/hichip/hichip/fithichip-utility/stringent/H9.GSE210525.Homo_Sapiens.H3K27ac.b1.10000.fithichip_hp.longrange.bed.gz	764	76fa876863352899c0ad77b382894f66	Loop Catalog (exclusion)
loops/fhs/H9.GSE210525.Homo_Sapiens.H3K27ac.b1.25000.fithichip_hp.longrange.bed.gz	https://loopcatalog.lji.org/storage2/release-0.1/hub/hg38/loops/hichip/hichip/fithichip-utility/stringent/H9.GSE210525.Homo_Sapiens.H3K27ac.b1.25000.fithichip_hp.longrange.bed.gz	5693	f5622a66428953504eec204ec7754a8c	Loop Catalog (exclusion)
loops/fhs/H9.GSE210525.Homo_Sapiens.H3K27ac.b2.5000.fithichip_hp.longrange.bed.gz	https://loopcatalog.lji.org/storage2/release-0.1/hub/hg38/loops/hichip/hichip/fithichip-utility/stringent/H9.GSE210525.Homo_Sapiens.H3K27ac.b2.5000.fithichip_hp.longrange.bed.gz	179	18a90db536bdc88c5e50a5cc3c025333	Loop Catalog (exclusion)
loops/fhs/H9.GSE210525.Homo_Sapiens.H3K27ac.b2.10000.fithichip_hp.longrange.bed.gz	https://loopcatalog.lji.org/storage2/release-0.1/hub/hg38/loops/hichip/hichip/fithichip-utility/stringent/H9.GSE210525.Homo_Sapiens.H3K27ac.b2.10000.fithichip_hp.longrange.bed.gz	1505	cd3da57471f1e0d56f5d4183ae2fa7e4	Loop Catalog (exclusion)
loops/fhs/H9.GSE210525.Homo_Sapiens.H3K27ac.b2.25000.fithichip_hp.longrange.bed.gz	https://loopcatalog.lji.org/storage2/release-0.1/hub/hg38/loops/hichip/hichip/fithichip-utility/stringent/H9.GSE210525.Homo_Sapiens.H3K27ac.b2.25000.fithichip_hp.longrange.bed.gz	9371	998c98f6ecd815fe0bfc22f0ec02aded	Loop Catalog (exclusion)
loops/fhs/H9.GSE210525.Homo_Sapiens.H3K27ac.biorep_merged.5000.fithichip_hp.longrange.bed.gz	https://loopcatalog.lji.org/storage2/release-0.1/hub/hg38/loops/hichip/hichip/fithichip-utility/stringent/H9.GSE210525.Homo_Sapiens.H3K27ac.biorep_merged.5000.fithichip_hp.longrange.bed.gz	2662	e3d6a344f7c078090dbd09c021bda805	Loop Catalog (exclusion)
loops/fhs/H9.GSE210525.Homo_Sapiens.H3K27ac.biorep_merged.10000.fithichip_hp.longrange.bed.gz	https://loopcatalog.lji.org/storage2/release-0.1/hub/hg38/loops/hichip/hichip/fithichip-utility/stringent/H9.GSE210525.Homo_Sapiens.H3K27ac.biorep_merged.10000.fithichip_hp.longrange.bed.gz	12139	85208f5354a3fc4502ae786ca1c8b31d	Loop Catalog (exclusion)
loops/fhs/H9.GSE210525.Homo_Sapiens.H3K27ac.biorep_merged.25000.fithichip_hp.longrange.bed.gz	https://loopcatalog.lji.org/storage2/release-0.1/hub/hg38/loops/hichip/hichip/fithichip-utility/stringent/H9.GSE210525.Homo_Sapiens.H3K27ac.biorep_merged.25000.fithichip_hp.longrange.bed.gz	64724	280e19b2b660203e9f63958fceb46da0	Loop Catalog (exclusion)
loops/fhs/H9.GSE210525.Homo_Sapiens.H3K4me1.b1.5000.fithichip_hp.longrange.bed.gz	https://loopcatalog.lji.org/storage2/release-0.1/hub/hg38/loops/hichip/hichip/fithichip-utility/stringent/H9.GSE210525.Homo_Sapiens.H3K4me1.b1.5000.fithichip_hp.longrange.bed.gz	378	f58b28dd00902651be6512b4991a804d	Loop Catalog (exclusion)
loops/fhs/H9.GSE210525.Homo_Sapiens.H3K4me1.b1.10000.fithichip_hp.longrange.bed.gz	https://loopcatalog.lji.org/storage2/release-0.1/hub/hg38/loops/hichip/hichip/fithichip-utility/stringent/H9.GSE210525.Homo_Sapiens.H3K4me1.b1.10000.fithichip_hp.longrange.bed.gz	978	b5ee02d25b6a66e3bfa83c67c66600c9	Loop Catalog (exclusion)
loops/fhs/H9.GSE210525.Homo_Sapiens.H3K4me1.b1.25000.fithichip_hp.longrange.bed.gz	https://loopcatalog.lji.org/storage2/release-0.1/hub/hg38/loops/hichip/hichip/fithichip-utility/stringent/H9.GSE210525.Homo_Sapiens.H3K4me1.b1.25000.fithichip_hp.longrange.bed.gz	3887	9262143a0311ee9ae75cd11f6d368b08	Loop Catalog (exclusion)
loops/fhs/H9.GSE210525.Homo_Sapiens.H3K4me1.b2.5000.fithichip_hp.longrange.bed.gz	https://loopcatalog.lji.org/storage2/release-0.1/hub/hg38/loops/hichip/hichip/fithichip-utility/stringent/H9.GSE210525.Homo_Sapiens.H3K4me1.b2.5000.fithichip_hp.longrange.bed.gz	250	b96394433291f4fba57c64ace2b837a7	Loop Catalog (exclusion)
loops/fhs/H9.GSE210525.Homo_Sapiens.H3K4me1.b2.10000.fithichip_hp.longrange.bed.gz	https://loopcatalog.lji.org/storage2/release-0.1/hub/hg38/loops/hichip/hichip/fithichip-utility/stringent/H9.GSE210525.Homo_Sapiens.H3K4me1.b2.10000.fithichip_hp.longrange.bed.gz	824	2c8c16b6d554d3bb1c67d164c3f269e5	Loop Catalog (exclusion)
loops/fhs/H9.GSE210525.Homo_Sapiens.H3K4me1.b2.25000.fithichip_hp.longrange.bed.gz	https://loopcatalog.lji.org/storage2/release-0.1/hub/hg38/loops/hichip/hichip/fithichip-utility/stringent/H9.GSE210525.Homo_Sapiens.H3K4me1.b2.25000.fithichip_hp.longrange.bed.gz	4997	b5cee8008d073a31efa40b80963f4524	Loop Catalog (exclusion)
loops/fhs/H9.GSE210525.Homo_Sapiens.H3K4me1.biorep_merged.5000.fithichip_hp.longrange.bed.gz	https://loopcatalog.lji.org/storage2/release-0.1/hub/hg38/loops/hichip/hichip/fithichip-utility/stringent/H9.GSE210525.Homo_Sapiens.H3K4me1.biorep_merged.5000.fithichip_hp.longrange.bed.gz	3562	4d8936a753ea0776eb4f05a6d0b9470d	Loop Catalog (exclusion)
loops/fhs/H9.GSE210525.Homo_Sapiens.H3K4me1.biorep_merged.10000.fithichip_hp.longrange.bed.gz	https://loopcatalog.lji.org/storage2/release-0.1/hub/hg38/loops/hichip/hichip/fithichip-utility/stringent/H9.GSE210525.Homo_Sapiens.H3K4me1.biorep_merged.10000.fithichip_hp.longrange.bed.gz	13974	29f01ccfcc00acd24b26dd58109809f5	Loop Catalog (exclusion)
loops/fhs/H9.GSE210525.Homo_Sapiens.H3K4me1.biorep_merged.25000.fithichip_hp.longrange.bed.gz	https://loopcatalog.lji.org/storage2/release-0.1/hub/hg38/loops/hichip/hichip/fithichip-utility/stringent/H9.GSE210525.Homo_Sapiens.H3K4me1.biorep_merged.25000.fithichip_hp.longrange.bed.gz	57398	191b51e9c91e6f2174c29b197a44622d	Loop Catalog (exclusion)
loops/fhs/H9.GSE210525.Homo_Sapiens.H3K9me3.b1.5000.fithichip_hp.longrange.bed.gz	https://loopcatalog.lji.org/storage2/release-0.1/hub/hg38/loops/hichip/hichip/fithichip-utility/stringent/H9.GSE210525.Homo_Sapiens.H3K9me3.b1.5000.fithichip_hp.longrange.bed.gz	366	4e0c34456f44a4262b0e85012375f136	Loop Catalog (exclusion)
loops/fhs/H9.GSE210525.Homo_Sapiens.H3K9me3.b1.10000.fithichip_hp.longrange.bed.gz	https://loopcatalog.lji.org/storage2/release-0.1/hub/hg38/loops/hichip/hichip/fithichip-utility/stringent/H9.GSE210525.Homo_Sapiens.H3K9me3.b1.10000.fithichip_hp.longrange.bed.gz	652	804ab845c73ae3ff21a36011239287ae	Loop Catalog (exclusion)
loops/fhs/H9.GSE210525.Homo_Sapiens.H3K9me3.b1.25000.fithichip_hp.longrange.bed.gz	https://loopcatalog.lji.org/storage2/release-0.1/hub/hg38/loops/hichip/hichip/fithichip-utility/stringent/H9.GSE210525.Homo_Sapiens.H3K9me3.b1.25000.fithichip_hp.longrange.bed.gz	6605	0afcbffaedd936f06cdfedccf1e2af38	Loop Catalog (exclusion)
loops/fhs/H9.GSE210525.Homo_Sapiens.H3K9me3.biorep_merged.5000.fithichip_hp.longrange.bed.gz	https://loopcatalog.lji.org/storage2/release-0.1/hub/hg38/loops/hichip/hichip/fithichip-utility/stringent/H9.GSE210525.Homo_Sapiens.H3K9me3.biorep_merged.5000.fithichip_hp.longrange.bed.gz	572	5932ff03a1fdfcd7bc1ba44eee57ed2a	Loop Catalog (exclusion)
loops/fhs/H9.GSE210525.Homo_Sapiens.H3K9me3.biorep_merged.10000.fithichip_hp.longrange.bed.gz	https://loopcatalog.lji.org/storage2/release-0.1/hub/hg38/loops/hichip/hichip/fithichip-utility/stringent/H9.GSE210525.Homo_Sapiens.H3K9me3.biorep_merged.10000.fithichip_hp.longrange.bed.gz	1495	45bcbb27f940690838b4dd817e017826	Loop Catalog (exclusion)
loops/fhs/H9.GSE210525.Homo_Sapiens.H3K9me3.biorep_merged.25000.fithichip_hp.longrange.bed.gz	https://loopcatalog.lji.org/storage2/release-0.1/hub/hg38/loops/hichip/hichip/fithichip-utility/stringent/H9.GSE210525.Homo_Sapiens.H3K9me3.biorep_merged.25000.fithichip_hp.longrange.bed.gz	14385	b180e8d0976182dd67036f93f8a949d6	Loop Catalog (exclusion)
loops/fhs/H9.GSE210525.Homo_Sapiens.RNA-Pol-II.b1.5000.fithichip_hp.longrange.bed.gz	https://loopcatalog.lji.org/storage2/release-0.1/hub/hg38/loops/hichip/hichip/fithichip-utility/stringent/H9.GSE210525.Homo_Sapiens.RNA-Pol-II.b1.5000.fithichip_hp.longrange.bed.gz	5454	34d47823390551c96157b693174dd646	Loop Catalog (exclusion)
loops/fhs/H9.GSE210525.Homo_Sapiens.RNA-Pol-II.b1.10000.fithichip_hp.longrange.bed.gz	https://loopcatalog.lji.org/storage2/release-0.1/hub/hg38/loops/hichip/hichip/fithichip-utility/stringent/H9.GSE210525.Homo_Sapiens.RNA-Pol-II.b1.10000.fithichip_hp.longrange.bed.gz	14967	99cbe01b5a2ef433cd0c04e7c7d1d86e	Loop Catalog (exclusion)
loops/fhs/H9.GSE210525.Homo_Sapiens.RNA-Pol-II.b1.25000.fithichip_hp.longrange.bed.gz	https://loopcatalog.lji.org/storage2/release-0.1/hub/hg38/loops/hichip/hichip/fithichip-utility/stringent/H9.GSE210525.Homo_Sapiens.RNA-Pol-II.b1.25000.fithichip_hp.longrange.bed.gz	52897	afbd9cb5e0344b2c5c1cd9e591daa3e3	Loop Catalog (exclusion)
loops/fhs/H9.GSE210525.Homo_Sapiens.RNA-Pol-II.b2.5000.fithichip_hp.longrange.bed.gz	https://loopcatalog.lji.org/storage2/release-0.1/hub/hg38/loops/hichip/hichip/fithichip-utility/stringent/H9.GSE210525.Homo_Sapiens.RNA-Pol-II.b2.5000.fithichip_hp.longrange.bed.gz	1576	4ed833e52644e8a19b3915609fef3671	Loop Catalog (exclusion)
loops/fhs/H9.GSE210525.Homo_Sapiens.RNA-Pol-II.b2.10000.fithichip_hp.longrange.bed.gz	https://loopcatalog.lji.org/storage2/release-0.1/hub/hg38/loops/hichip/hichip/fithichip-utility/stringent/H9.GSE210525.Homo_Sapiens.RNA-Pol-II.b2.10000.fithichip_hp.longrange.bed.gz	4591	90b53d6cb4f708c1a0f185898370c5a0	Loop Catalog (exclusion)
loops/fhs/H9.GSE210525.Homo_Sapiens.RNA-Pol-II.b2.25000.fithichip_hp.longrange.bed.gz	https://loopcatalog.lji.org/storage2/release-0.1/hub/hg38/loops/hichip/hichip/fithichip-utility/stringent/H9.GSE210525.Homo_Sapiens.RNA-Pol-II.b2.25000.fithichip_hp.longrange.bed.gz	18979	7d43929e4e063f9bdca395b188f0726d	Loop Catalog (exclusion)
loops/fhs/H9.GSE210525.Homo_Sapiens.RNA-Pol-II.biorep_merged.5000.fithichip_hp.longrange.bed.gz	https://loopcatalog.lji.org/storage2/release-0.1/hub/hg38/loops/hichip/hichip/fithichip-utility/stringent/H9.GSE210525.Homo_Sapiens.RNA-Pol-II.biorep_merged.5000.fithichip_hp.longrange.bed.gz	19317	e545ead2f3fe41823b8bb046b34dc062	Loop Catalog (exclusion)
loops/fhs/H9.GSE210525.Homo_Sapiens.RNA-Pol-II.biorep_merged.10000.fithichip_hp.longrange.bed.gz	https://loopcatalog.lji.org/storage2/release-0.1/hub/hg38/loops/hichip/hichip/fithichip-utility/stringent/H9.GSE210525.Homo_Sapiens.RNA-Pol-II.biorep_merged.10000.fithichip_hp.longrange.bed.gz	48560	f1c2f27e6491fc63a118f837e82c6a98	Loop Catalog (exclusion)
loops/fhs/H9.GSE210525.Homo_Sapiens.RNA-Pol-II.biorep_merged.25000.fithichip_hp.longrange.bed.gz	https://loopcatalog.lji.org/storage2/release-0.1/hub/hg38/loops/hichip/hichip/fithichip-utility/stringent/H9.GSE210525.Homo_Sapiens.RNA-Pol-II.biorep_merged.25000.fithichip_hp.longrange.bed.gz	147843	563b60118076dd9637f18c5b154ed440	Loop Catalog (exclusion)
loops/fhs/H9.GSE210525.Homo_Sapiens.RNAPII-S2ph.b1.5000.fithichip_hp.longrange.bed.gz	https://loopcatalog.lji.org/storage2/release-0.1/hub/hg38/loops/hichip/hichip/fithichip-utility/stringent/H9.GSE210525.Homo_Sapiens.RNAPII-S2ph.b1.5000.fithichip_hp.longrange.bed.gz	16495	96914f198d360ea771a53bc5ea88b581	Loop Catalog (exclusion)
loops/fhs/H9.GSE210525.Homo_Sapiens.RNAPII-S2ph.b1.10000.fithichip_hp.longrange.bed.gz	https://loopcatalog.lji.org/storage2/release-0.1/hub/hg38/loops/hichip/hichip/fithichip-utility/stringent/H9.GSE210525.Homo_Sapiens.RNAPII-S2ph.b1.10000.fithichip_hp.longrange.bed.gz	40413	2288a248109961235e172c8eaf1843c1	Loop Catalog (exclusion)
loops/fhs/H9.GSE210525.Homo_Sapiens.RNAPII-S2ph.b1.25000.fithichip_hp.longrange.bed.gz	https://loopcatalog.lji.org/storage2/release-0.1/hub/hg38/loops/hichip/hichip/fithichip-utility/stringent/H9.GSE210525.Homo_Sapiens.RNAPII-S2ph.b1.25000.fithichip_hp.longrange.bed.gz	101676	84a3a3ff8e634d47d147b5e9da36167e	Loop Catalog (exclusion)
loops/fhs/H9.GSE210525.Homo_Sapiens.STAG1.b1.5000.fithichip_hp.longrange.bed.gz	https://loopcatalog.lji.org/storage2/release-0.1/hub/hg38/loops/hichip/hichip/fithichip-utility/stringent/H9.GSE210525.Homo_Sapiens.STAG1.b1.5000.fithichip_hp.longrange.bed.gz	6401	bcbd3a82efb8360af3023913e7d2b6fd	Loop Catalog (exclusion)
loops/fhs/H9.GSE210525.Homo_Sapiens.STAG1.b1.10000.fithichip_hp.longrange.bed.gz	https://loopcatalog.lji.org/storage2/release-0.1/hub/hg38/loops/hichip/hichip/fithichip-utility/stringent/H9.GSE210525.Homo_Sapiens.STAG1.b1.10000.fithichip_hp.longrange.bed.gz	16419	44706ffb5fd331897da91db3a3288313	Loop Catalog (exclusion)
loops/fhs/H9.GSE210525.Homo_Sapiens.STAG1.b1.25000.fithichip_hp.longrange.bed.gz	https://loopcatalog.lji.org/storage2/release-0.1/hub/hg38/loops/hichip/hichip/fithichip-utility/stringent/H9.GSE210525.Homo_Sapiens.STAG1.b1.25000.fithichip_hp.longrange.bed.gz	55117	dcc1620bb0fcb0dfb34a5d4e2eece281	Loop Catalog (exclusion)
loops/fhs/H9.GSE210525.Homo_Sapiens.STAG1.b2.5000.fithichip_hp.longrange.bed.gz	https://loopcatalog.lji.org/storage2/release-0.1/hub/hg38/loops/hichip/hichip/fithichip-utility/stringent/H9.GSE210525.Homo_Sapiens.STAG1.b2.5000.fithichip_hp.longrange.bed.gz	18313	583b18d5cfeec5b18956c6526df4d82e	Loop Catalog (exclusion)
loops/fhs/H9.GSE210525.Homo_Sapiens.STAG1.b2.10000.fithichip_hp.longrange.bed.gz	https://loopcatalog.lji.org/storage2/release-0.1/hub/hg38/loops/hichip/hichip/fithichip-utility/stringent/H9.GSE210525.Homo_Sapiens.STAG1.b2.10000.fithichip_hp.longrange.bed.gz	41271	84ba35711544872662a8e1302b0ca735	Loop Catalog (exclusion)
loops/fhs/H9.GSE210525.Homo_Sapiens.STAG1.b2.25000.fithichip_hp.longrange.bed.gz	https://loopcatalog.lji.org/storage2/release-0.1/hub/hg38/loops/hichip/hichip/fithichip-utility/stringent/H9.GSE210525.Homo_Sapiens.STAG1.b2.25000.fithichip_hp.longrange.bed.gz	123146	d762bab73b3fd18d67b55d4548eb9b10	Loop Catalog (exclusion)
loops/fhs/H9.GSE210525.Homo_Sapiens.STAG1.biorep_merged.5000.fithichip_hp.longrange.bed.gz	https://loopcatalog.lji.org/storage2/release-0.1/hub/hg38/loops/hichip/hichip/fithichip-utility/stringent/H9.GSE210525.Homo_Sapiens.STAG1.biorep_merged.5000.fithichip_hp.longrange.bed.gz	56466	b6858c86b5aea7ea16d256933201e4c5	Loop Catalog (exclusion)
loops/fhs/H9.GSE210525.Homo_Sapiens.STAG1.biorep_merged.10000.fithichip_hp.longrange.bed.gz	https://loopcatalog.lji.org/storage2/release-0.1/hub/hg38/loops/hichip/hichip/fithichip-utility/stringent/H9.GSE210525.Homo_Sapiens.STAG1.biorep_merged.10000.fithichip_hp.longrange.bed.gz	120010	59eae06e2a16a52c4ddc57c31ed97a61	Loop Catalog (exclusion)
loops/fhs/H9.GSE210525.Homo_Sapiens.STAG1.biorep_merged.25000.fithichip_hp.longrange.bed.gz	https://loopcatalog.lji.org/storage2/release-0.1/hub/hg38/loops/hichip/hichip/fithichip-utility/stringent/H9.GSE210525.Homo_Sapiens.STAG1.biorep_merged.25000.fithichip_hp.longrange.bed.gz	307986	ce8b85b580e6ee1e605a2c1b31d2eb41	Loop Catalog (exclusion)
loops/fhs/H9.GSE210525.Homo_Sapiens.STAG2.b1.5000.fithichip_hp.longrange.bed.gz	https://loopcatalog.lji.org/storage2/release-0.1/hub/hg38/loops/hichip/hichip/fithichip-utility/stringent/H9.GSE210525.Homo_Sapiens.STAG2.b1.5000.fithichip_hp.longrange.bed.gz	27106	afd2b41e633fa75282ac3d68dc314e4d	Loop Catalog (exclusion)
loops/fhs/H9.GSE210525.Homo_Sapiens.STAG2.b1.10000.fithichip_hp.longrange.bed.gz	https://loopcatalog.lji.org/storage2/release-0.1/hub/hg38/loops/hichip/hichip/fithichip-utility/stringent/H9.GSE210525.Homo_Sapiens.STAG2.b1.10000.fithichip_hp.longrange.bed.gz	53417	ca896fee3fe158afe9c4892ccde967ee	Loop Catalog (exclusion)
loops/fhs/H9.GSE210525.Homo_Sapiens.STAG2.b1.25000.fithichip_hp.longrange.bed.gz	https://loopcatalog.lji.org/storage2/release-0.1/hub/hg38/loops/hichip/hichip/fithichip-utility/stringent/H9.GSE210525.Homo_Sapiens.STAG2.b1.25000.fithichip_hp.longrange.bed.gz	137251	f3088740c5783f51a458ff31d5206ddd	Loop Catalog (exclusion)
loops/fhs/H9.GSE210525.Homo_Sapiens.STAG2.b2.5000.fithichip_hp.longrange.bed.gz	https://loopcatalog.lji.org/storage2/release-0.1/hub/hg38/loops/hichip/hichip/fithichip-utility/stringent/H9.GSE210525.Homo_Sapiens.STAG2.b2.5000.fithichip_hp.longrange.bed.gz	19087	b02e9b38ed5c15a489ac51822fa9aa6b	Loop Catalog (exclusion)
loops/fhs/H9.GSE210525.Homo_Sapiens.STAG2.b2.10000.fithichip_hp.longrange.bed.gz	https://loopcatalog.lji.org/storage2/release-0.1/hub/hg38/loops/hichip/hichip/fithichip-utility/stringent/H9.GSE210525.Homo_Sapiens.STAG2.b2.10000.fithichip_hp.longrange.bed.gz	39389	a77da562b4f96de9ebd23330406fa30d	Loop Catalog (exclusion)
loops/fhs/H9.GSE210525.Homo_Sapiens.STAG2.b2.25000.fithichip_hp.longrange.bed.gz	https://loopcatalog.lji.org/storage2/release-0.1/hub/hg38/loops/hichip/hichip/fithichip-utility/stringent/H9.GSE210525.Homo_Sapiens.STAG2.b2.25000.fithichip_hp.longrange.bed.gz	104134	952d52e61fc4676e752d091eb6bd76ac	Loop Catalog (exclusion)
loops/fhs/H9.GSE210525.Homo_Sapiens.STAG2.biorep_merged.5000.fithichip_hp.longrange.bed.gz	https://loopcatalog.lji.org/storage2/release-0.1/hub/hg38/loops/hichip/hichip/fithichip-utility/stringent/H9.GSE210525.Homo_Sapiens.STAG2.biorep_merged.5000.fithichip_hp.longrange.bed.gz	94469	3f5760359014433bb133e7cf54ba914f	Loop Catalog (exclusion)
loops/fhs/H9.GSE210525.Homo_Sapiens.STAG2.biorep_merged.10000.fithichip_hp.longrange.bed.gz	https://loopcatalog.lji.org/storage2/release-0.1/hub/hg38/loops/hichip/hichip/fithichip-utility/stringent/H9.GSE210525.Homo_Sapiens.STAG2.biorep_merged.10000.fithichip_hp.longrange.bed.gz	182256	3780458cf93b7dc751d9d316587c7e0a	Loop Catalog (exclusion)
loops/fhs/H9.GSE210525.Homo_Sapiens.STAG2.biorep_merged.25000.fithichip_hp.longrange.bed.gz	https://loopcatalog.lji.org/storage2/release-0.1/hub/hg38/loops/hichip/hichip/fithichip-utility/stringent/H9.GSE210525.Homo_Sapiens.STAG2.biorep_merged.25000.fithichip_hp.longrange.bed.gz	404537	c7f51f89fe6b537581ddd9216ce421e8	Loop Catalog (exclusion)
loops/fhs/hESC-WT-D0.GSE120294.Homo_Sapiens.SMC1A.b1.5000.fithichip_hp.longrange.bed.gz	https://loopcatalog.lji.org/storage2/release-0.1/hub/hg38/loops/hichip/hichip/fithichip-utility/stringent/hESC-WT-D0.GSE120294.Homo_Sapiens.SMC1A.b1.5000.fithichip_hp.longrange.bed.gz	43931	67941a8ff5b069340eabfed1b6e27ad5	Loop Catalog (exclusion)
loops/fhs/hESC-WT-D0.GSE120294.Homo_Sapiens.SMC1A.b1.10000.fithichip_hp.longrange.bed.gz	https://loopcatalog.lji.org/storage2/release-0.1/hub/hg38/loops/hichip/hichip/fithichip-utility/stringent/hESC-WT-D0.GSE120294.Homo_Sapiens.SMC1A.b1.10000.fithichip_hp.longrange.bed.gz	397518	d9f03bd95ed78dde8e80aa375b0fd0cb	Loop Catalog (exclusion)
loops/fhs/hESC-WT-D0.GSE120294.Homo_Sapiens.SMC1A.b1.25000.fithichip_hp.longrange.bed.gz	https://loopcatalog.lji.org/storage2/release-0.1/hub/hg38/loops/hichip/hichip/fithichip-utility/stringent/hESC-WT-D0.GSE120294.Homo_Sapiens.SMC1A.b1.25000.fithichip_hp.longrange.bed.gz	2503639	4627c79e36dc93595144b137a348f5af	Loop Catalog (exclusion)
loops/fhs/hESC-WT-D0.GSE120294.Homo_Sapiens.SMC1A.b2.5000.fithichip_hp.longrange.bed.gz	https://loopcatalog.lji.org/storage2/release-0.1/hub/hg38/loops/hichip/hichip/fithichip-utility/stringent/hESC-WT-D0.GSE120294.Homo_Sapiens.SMC1A.b2.5000.fithichip_hp.longrange.bed.gz	47106	6e51a4f6343db8b339359bd4243a5735	Loop Catalog (exclusion)
loops/fhs/hESC-WT-D0.GSE120294.Homo_Sapiens.SMC1A.b2.10000.fithichip_hp.longrange.bed.gz	https://loopcatalog.lji.org/storage2/release-0.1/hub/hg38/loops/hichip/hichip/fithichip-utility/stringent/hESC-WT-D0.GSE120294.Homo_Sapiens.SMC1A.b2.10000.fithichip_hp.longrange.bed.gz	296665	18b542bc14caad2d1afcb28b877dd7df	Loop Catalog (exclusion)
loops/fhs/hESC-WT-D0.GSE120294.Homo_Sapiens.SMC1A.b2.25000.fithichip_hp.longrange.bed.gz	https://loopcatalog.lji.org/storage2/release-0.1/hub/hg38/loops/hichip/hichip/fithichip-utility/stringent/hESC-WT-D0.GSE120294.Homo_Sapiens.SMC1A.b2.25000.fithichip_hp.longrange.bed.gz	1743888	8fefb93b8697ab71f3c8713092d9b64e	Loop Catalog (exclusion)
loops/fhs/hESC-WT-D0.GSE120294.Homo_Sapiens.SMC1A.b3.5000.fithichip_hp.longrange.bed.gz	https://loopcatalog.lji.org/storage2/release-0.1/hub/hg38/loops/hichip/hichip/fithichip-utility/stringent/hESC-WT-D0.GSE120294.Homo_Sapiens.SMC1A.b3.5000.fithichip_hp.longrange.bed.gz	5178	1257246705e555db4e4090146769e8f1	Loop Catalog (exclusion)
loops/fhs/hESC-WT-D0.GSE120294.Homo_Sapiens.SMC1A.b3.10000.fithichip_hp.longrange.bed.gz	https://loopcatalog.lji.org/storage2/release-0.1/hub/hg38/loops/hichip/hichip/fithichip-utility/stringent/hESC-WT-D0.GSE120294.Homo_Sapiens.SMC1A.b3.10000.fithichip_hp.longrange.bed.gz	53076	2b628d4e53e0f452e6acc64a7256f36e	Loop Catalog (exclusion)
loops/fhs/hESC-WT-D0.GSE120294.Homo_Sapiens.SMC1A.b3.25000.fithichip_hp.longrange.bed.gz	https://loopcatalog.lji.org/storage2/release-0.1/hub/hg38/loops/hichip/hichip/fithichip-utility/stringent/hESC-WT-D0.GSE120294.Homo_Sapiens.SMC1A.b3.25000.fithichip_hp.longrange.bed.gz	625906	774f04dedf262d6452c2cb8e1823c121	Loop Catalog (exclusion)
loops/fhs/hESC-WT-D0.GSE120294.Homo_Sapiens.SMC1A.biorep_merged.5000.fithichip_hp.longrange.bed.gz	https://loopcatalog.lji.org/storage2/release-0.1/hub/hg38/loops/hichip/hichip/fithichip-utility/stringent/hESC-WT-D0.GSE120294.Homo_Sapiens.SMC1A.biorep_merged.5000.fithichip_hp.longrange.bed.gz	645226	f56e8dcd59a0864ba959e9c846f5126a	Loop Catalog (exclusion)
loops/fhs/hESC-WT-D0.GSE120294.Homo_Sapiens.SMC1A.biorep_merged.10000.fithichip_hp.longrange.bed.gz	https://loopcatalog.lji.org/storage2/release-0.1/hub/hg38/loops/hichip/hichip/fithichip-utility/stringent/hESC-WT-D0.GSE120294.Homo_Sapiens.SMC1A.biorep_merged.10000.fithichip_hp.longrange.bed.gz	3307796	310941ebfc65c5090b58dd504040a429	Loop Catalog (label)
loops/fhs/hESC-WT-D0.GSE120294.Homo_Sapiens.SMC1A.biorep_merged.25000.fithichip_hp.longrange.bed.gz	https://loopcatalog.lji.org/storage2/release-0.1/hub/hg38/loops/hichip/hichip/fithichip-utility/stringent/hESC-WT-D0.GSE120294.Homo_Sapiens.SMC1A.biorep_merged.25000.fithichip_hp.longrange.bed.gz	8587743	84f14e9460376e30255538900df9a52a	Loop Catalog (exclusion)
silencerdb/lifted/Homo_sapiens_Embryonic_stem_cell.hg38.bed.gz	SilencerDB v1.0 (health.tsinghua.edu.cn/SilencerDB, via the Internet Archive), UCSC liftOver hg19->hg38	1752549	9b07ce8802e1046be92df9f27c4be68b	lifted silencer elements of human embryonic stem cells (name = id|method)
bigwig/H9/H9_H3K27ac.bigWig	https://www.encodeproject.org/files/ENCFF223OYF/@@download/ENCFF223OYF.bigWig		51628c09e814e6a3ddc43fb2a2225f68	ENCODE ENCFF223OYF signal p-value
bigwig/H9/H9_H3K27me3.bigWig	https://www.encodeproject.org/files/ENCFF179VZF/@@download/ENCFF179VZF.bigWig		d00adad33bbda10d090015f67d5817b3	ENCODE ENCFF179VZF signal p-value
bigwig/H9/H9_H3K36me3.bigWig	https://www.encodeproject.org/files/ENCFF141POD/@@download/ENCFF141POD.bigWig		a6988728dae3154db9bf413736750e9a	ENCODE ENCFF141POD signal p-value
bigwig/H9/H9_H3K4me1.bigWig	https://www.encodeproject.org/files/ENCFF107VFB/@@download/ENCFF107VFB.bigWig		79fdf133af7a643915b0661b7d51955b	ENCODE ENCFF107VFB signal p-value
bigwig/H9/H9_H3K4me3.bigWig	https://www.encodeproject.org/files/ENCFF117TQJ/@@download/ENCFF117TQJ.bigWig		192615bf7263da65c3b09009ceea667b	ENCODE ENCFF117TQJ signal p-value
bigwig/H9/H9_H3K9ac.bigWig	https://www.encodeproject.org/files/ENCFF296RPG/@@download/ENCFF296RPG.bigWig		f8b966f7c4115ffc563f7059ca33d69b	ENCODE ENCFF296RPG signal p-value
bigwig/H9/H9_H3K9me3.bigWig	https://www.encodeproject.org/files/ENCFF301OMJ/@@download/ENCFF301OMJ.bigWig		77a31c1305238737180a9b2748aa1aab	ENCODE ENCFF301OMJ signal p-value
