dataset	model	fold	torch_seed	order_seed
mESC_H3K27me3	ssiformer	0	4066581428	2101627576
mESC_H3K27me3	ssiformer	1	25956141	2885310857
mESC_H3K27me3	ssiformer	2	1883332796	683028606
mESC_H3K27me3	ssiformer	3	1094488829	259224971
mESC_H3K27me3	ssiformer	4	1006987766	1048618771
mESC_H3K27me3	ssiformer_pretrained	0	2766655347	2101627576
mESC_H3K27me3	ssiformer_pretrained	1	3592937825	2885310857
mESC_H3K27me3	ssiformer_pretrained	2	366011352	683028606
mESC_H3K27me3	ssiformer_pretrained	3	1791599975	259224971
mESC_H3K27me3	ssiformer_pretrained	4	3890120861	1048618771
mESC_H3K27ac	ssiformer	0	3552532786	884401562
mESC_H3K27ac	ssiformer	1	1644107665	3313848241
mESC_H3K27ac	ssiformer	2	4094004784	4048177032
mESC_H3K27ac	ssiformer	3	3179605184	4288851396
mESC_H3K27ac	ssiformer	4	2473782052	3205151309
mESC_H3K27ac	ssiformer_pretrained	0	493304899	884401562
mESC_H3K27ac	ssiformer_pretrained	1	949568833	3313848241
mESC_H3K27ac	ssiformer_pretrained	2	2981333859	4048177032
mESC_H3K27ac	ssiformer_pretrained	3	2870191340	4288851396
mESC_H3K27ac	ssiformer_pretrained	4	1907562614	3205151309
GM12878_H3K27ac	ssiformer	0	1108693191	241041959
GM12878_H3K27ac	ssiformer	1	3674992531	303801451
GM12878_H3K27ac	ssiformer	2	995510638	3170670700
GM12878_H3K27ac	ssiformer	3	3139626232	1867628125
GM12878_H3K27ac	ssiformer	4	2672322937	2661836146
GM12878_H3K27ac	ssiformer_pretrained	0	2852635739	241041959
GM12878_H3K27ac	ssiformer_pretrained	1	2824752559	303801451
GM12878_H3K27ac	ssiformer_pretrained	2	2502359154	3170670700
GM12878_H3K27ac	ssiformer_pretrained	3	2366416719	1867628125
GM12878_H3K27ac	ssiformer_pretrained	4	2100384160	2661836146
GM12878_SMC1A	ssiformer	0	207878242	2154636610
GM12878_SMC1A	ssiformer	1	2692248702	2981611682
GM12878_SMC1A	ssiformer	2	4114830101	4055455998
GM12878_SMC1A	ssiformer	3	4011555532	828204446
GM12878_SMC1A	ssiformer	4	1229383561	846652805
GM12878_SMC1A	ssiformer_pretrained	0	1052806491	2154636610
GM12878_SMC1A	ssiformer_pretrained	1	4229066528	2981611682
GM12878_SMC1A	ssiformer_pretrained	2	3196695501	4055455998
GM12878_SMC1A	ssiformer_pretrained	3	3288777036	828204446
GM12878_SMC1A	ssiformer_pretrained	4	2443348602	846652805
GM12878_CTCF	ssiformer	0	402325273	1872472336
GM12878_CTCF	ssiformer	1	145696024	3128498567
GM12878_CTCF	ssiformer	2	1190577751	3224838792
GM12878_CTCF	ssiformer	3	3759452582	1668393183
GM12878_CTCF	ssiformer	4	2178122508	764593939
GM12878_CTCF	ssiformer_pretrained	0	2197735037	1872472336
GM12878_CTCF	ssiformer_pretrained	1	2416189231	3128498567
GM12878_CTCF	ssiformer_pretrained	2	4076645024	3224838792
GM12878_CTCF	ssiformer_pretrained	3	2726978269	1668393183
GM12878_CTCF	ssiformer_pretrained	4	462614369	764593939
K562_H3K27ac	ssiformer	0	200307239	1661205316
K562_H3K27ac	ssiformer	1	3232637277	3018861659
K562_H3K27ac	ssiformer	2	1952641494	1772455217
K562_H3K27ac	ssiformer	3	1609777145	2818810700
K562_H3K27ac	ssiformer	4	719422467	2571434643
K562_H3K27ac	ssiformer_pretrained	0	2993441555	1661205316
K562_H3K27ac	ssiformer_pretrained	1	2189085940	3018861659
K562_H3K27ac	ssiformer_pretrained	2	4224896378	1772455217
K562_H3K27ac	ssiformer_pretrained	3	796962880	2818810700
K562_H3K27ac	ssiformer_pretrained	4	3364974241	2571434643
HeLaS3_CTCF	ssiformer	0	3370729640	1237634212
HeLaS3_CTCF	ssiformer	1	3975168713	2105861887
HeLaS3_CTCF	ssiformer	2	1899001047	4231808017
HeLaS3_CTCF	ssiformer	3	1309896044	2646245976
HeLaS3_CTCF	ssiformer	4	2202094653	2191651296
HeLaS3_CTCF	ssiformer_pretrained	0	68929868	1237634212
HeLaS3_CTCF	ssiformer_pretrained	1	4277004851	2105861887
HeLaS3_CTCF	ssiformer_pretrained	2	2685949792	4231808017
HeLaS3_CTCF	ssiformer_pretrained	3	3477199876	2646245976
HeLaS3_CTCF	ssiformer_pretrained	4	3646221751	2191651296
IT_mESC_SMC1A	ssiformer	0	2798901417	1884138338
IT_mESC_SMC1A	ssiformer	1	1900607361	109340010
IT_mESC_SMC1A	ssiformer	2	2699589455	2823907886
IT_mESC_SMC1A	ssiformer	3	2350831280	2200314360
IT_mESC_SMC1A	ssiformer	4	2011445124	2384559475
IT_mESC_SMC1A	ssiformer_pretrained	0	4052959230	1884138338
IT_mESC_SMC1A	ssiformer_pretrained	1	68219649	109340010
IT_mESC_SMC1A	ssiformer_pretrained	2	283624527	2823907886
IT_mESC_SMC1A	ssiformer_pretrained	3	2659269817	2200314360
IT_mESC_SMC1A	ssiformer_pretrained	4	2489943550	2384559475
IT_H9_RAD21	ssiformer	0	2744258631	474322480
IT_H9_RAD21	ssiformer	1	2391258499	1451150793
IT_H9_RAD21	ssiformer	2	2421074963	1230602086
IT_H9_RAD21	ssiformer	3	1638084237	2102774330
IT_H9_RAD21	ssiformer	4	3559432563	2485370501
IT_H9_RAD21	ssiformer_pretrained	0	713451136	474322480
IT_H9_RAD21	ssiformer_pretrained	1	2977047531	1451150793
IT_H9_RAD21	ssiformer_pretrained	2	2670110337	1230602086
IT_H9_RAD21	ssiformer_pretrained	3	2605031606	2102774330
IT_H9_RAD21	ssiformer_pretrained	4	1972310172	2485370501
IT_H9_SMC1A	ssiformer	0	754718471	623201663
IT_H9_SMC1A	ssiformer	1	1597778490	1212140677
IT_H9_SMC1A	ssiformer	2	138757254	811715798
IT_H9_SMC1A	ssiformer	3	243971856	980489157
IT_H9_SMC1A	ssiformer	4	4291490083	2831908337
IT_H9_SMC1A	ssiformer_pretrained	0	226141730	623201663
IT_H9_SMC1A	ssiformer_pretrained	1	1129333744	1212140677
IT_H9_SMC1A	ssiformer_pretrained	2	3141816129	811715798
IT_H9_SMC1A	ssiformer_pretrained	3	490745558	980489157
IT_H9_SMC1A	ssiformer_pretrained	4	3424872993	2831908337
mESC_H3K27ac	ssiformer	P	1744666406	1634046998
GM12878_H3K27ac	ssiformer_loops	0	776009367	3978472187
GM12878_H3K27ac	ssiformer_loops	1	622664519	3624415259
GM12878_H3K27ac	ssiformer_loops	2	429407181	3438762559
GM12878_H3K27ac	ssiformer_loops	3	350252212	677835338
GM12878_H3K27ac	ssiformer_loops	4	2190941853	172633532
GM12878_H3K27ac	ssiformer_pretrained_loops	0	496997899	2844742797
GM12878_H3K27ac	ssiformer_pretrained_loops	1	1526184201	301117621
GM12878_H3K27ac	ssiformer_pretrained_loops	2	282542407	32593540
GM12878_H3K27ac	ssiformer_pretrained_loops	3	2146496104	69606626
GM12878_H3K27ac	ssiformer_pretrained_loops	4	2413945959	2749933795
GM12878_SMC1A	ssiformer_loops	0	4119144237	837094702
GM12878_SMC1A	ssiformer_loops	1	833093486	2551390026
GM12878_SMC1A	ssiformer_loops	2	2754882562	1051340024
GM12878_SMC1A	ssiformer_loops	3	1487112018	4126051675
GM12878_SMC1A	ssiformer_loops	4	3436754221	1180280758
GM12878_SMC1A	ssiformer_pretrained_loops	0	3449441584	3401497444
GM12878_SMC1A	ssiformer_pretrained_loops	1	3955973463	2633950721
GM12878_SMC1A	ssiformer_pretrained_loops	2	1142396176	3258756018
GM12878_SMC1A	ssiformer_pretrained_loops	3	1019738806	4009732082
GM12878_SMC1A	ssiformer_pretrained_loops	4	746984321	4208810244
GM12878_CTCF	ssiformer_loops	0	3292377865	78652583
GM12878_CTCF	ssiformer_loops	1	2347251894	2889780873
GM12878_CTCF	ssiformer_loops	2	806440794	3793252695
GM12878_CTCF	ssiformer_loops	3	2370381918	2512142653
GM12878_CTCF	ssiformer_loops	4	2048158284	3313110806
GM12878_CTCF	ssiformer_pretrained_loops	0	1228848536	3067612172
GM12878_CTCF	ssiformer_pretrained_loops	1	3992446155	3978685214
GM12878_CTCF	ssiformer_pretrained_loops	2	2981833077	1732652541
GM12878_CTCF	ssiformer_pretrained_loops	3	1261660355	3848727479
GM12878_CTCF	ssiformer_pretrained_loops	4	2274981667	4241126394
K562_H3K27ac	ssiformer_loops	0	2641045184	4147412953
K562_H3K27ac	ssiformer_loops	1	1296258608	224723718
K562_H3K27ac	ssiformer_loops	2	2404550756	270851418
K562_H3K27ac	ssiformer_loops	3	965936125	1066267942
K562_H3K27ac	ssiformer_loops	4	3061197863	3967402394
K562_H3K27ac	ssiformer_pretrained_loops	0	723833092	2584930596
K562_H3K27ac	ssiformer_pretrained_loops	1	736116628	684917244
K562_H3K27ac	ssiformer_pretrained_loops	2	4288802765	382464272
K562_H3K27ac	ssiformer_pretrained_loops	3	3172127241	2776605204
K562_H3K27ac	ssiformer_pretrained_loops	4	189558832	4056060075
HeLaS3_CTCF	ssiformer_loops	0	2153890101	3369403906
HeLaS3_CTCF	ssiformer_loops	1	4286548493	1980201464
HeLaS3_CTCF	ssiformer_loops	2	451179096	4123236530
HeLaS3_CTCF	ssiformer_loops	3	130160023	557926925
HeLaS3_CTCF	ssiformer_loops	4	2069160808	861821324
HeLaS3_CTCF	ssiformer_pretrained_loops	0	38083932	4129782973
HeLaS3_CTCF	ssiformer_pretrained_loops	1	1599038151	2690277274
HeLaS3_CTCF	ssiformer_pretrained_loops	2	456240070	4038730261
HeLaS3_CTCF	ssiformer_pretrained_loops	3	2558526858	2906705044
HeLaS3_CTCF	ssiformer_pretrained_loops	4	2200729895	4248573088
